113.8,105.2,8.6,103.3,0.255,0.419,0.583,0.55,12,20.8,0.197,0.503,11.5,80.3,0.162
115.9,109.5,6.4,100.9,0.227,0.384,0.596,0.565,12.6,22.5,0.182,0.508,11.7,77.1,0.205
113.1,107.1,6,100.2,0.247,0.379,0.579,0.543,12.4,21.9,0.198,0.509,13.1,77.1,0.19
110.9,105.7,5.2,100.3,0.295,0.394,0.572,0.538,13.4,22.9,0.217,0.507,12.4,80.3,0.189
115.5,110.7,4.8,97.9,0.279,0.519,0.581,0.542,12,22.8,0.221,0.525,13.4,74.4,0.21
114.7,110.5,4.2,99.1,0.258,0.339,0.568,0.528,12.1,26.6,0.21,0.516,11,77.9,0.195
113,108.9,4.1,97.7,0.232,0.348,0.558,0.527,11.9,26.6,0.175,0.521,12.3,78,0.194
112.2,107.8,4.4,99.6,0.215,0.381,0.567,0.534,11.5,21.6,0.173,0.514,13.4,77,0.198
110.3,107,3.3,102.8,0.266,0.347,0.545,0.514,11.7,26,0.19,0.523,14.4,78.2,0.206
109.9,106.5,3.4,98.1,0.242,0.292,0.561,0.53,12.4,21.9,0.182,0.516,14.1,76.2,0.184
112.6,110,2.6,101.6,0.312,0.342,0.574,0.532,12.9,24.5,0.241,0.512,11.1,78.6,0.206
112.9,111.2,1.7,98.3,0.237,0.286,0.572,0.534,11,21,0.194,0.528,11,79.4,0.17
112.4,111.5,0.9,101.7,0.326,0.295,0.575,0.529,12.7,22,0.258,0.514,11.4,76,0.224
108.9,108.1,0.8,98.1,0.216,0.36,0.55,0.518,11.9,22,0.168,0.515,11.8,79.7,0.186
109.6,109.7,-0.1,100.8,0.284,0.403,0.556,0.52,13,23.8,0.211,0.512,11.6,76.4,0.19
107.3,107.6,-0.3,98.2,0.247,0.368,0.542,0.515,13.1,24.8,0.172,0.51,12.7,77.6,0.201
109,109.2,-0.2,97.4,0.262,0.394,0.544,0.509,12.3,24.8,0.195,0.526,12.8,78.7,0.211
110.4,111.5,-1.1,103.1,0.244,0.321,0.554,0.524,11.5,23.1,0.177,0.533,13.6,75.5,0.207
109.4,110.7,-1.3,99,0.291,0.422,0.555,0.519,12.7,22.7,0.216,0.522,11.6,77.5,0.191
111.4,112.9,-1.5,100.2,0.267,0.315,0.552,0.511,11.4,24.6,0.21,0.538,12.9,74.9,0.19
111.4,112.6,-1.2,103.3,0.254,0.324,0.563,0.529,12.6,24.1,0.193,0.532,11.6,76.8,0.193
111.4,112.5,-1.1,98.7,0.257,0.378,0.554,0.514,10.9,21.7,0.205,0.538,12.1,77.1,0.179
107.8,109.5,-1.7,103.2,0.257,0.342,0.554,0.527,13.4,22.2,0.18,0.516,12.2,76.4,0.192
106.1,108.8,-2.7,96.6,0.272,0.342,0.548,0.508,12.9,20,0.21,0.521,13.9,77.6,0.232
111.1,113.9,-2.8,101.4,0.266,0.37,0.567,0.531,12.3,21.3,0.204,0.546,13.5,74.1,0.199
108.1,113.9,-5.8,103.9,0.255,0.403,0.555,0.522,14.3,24.7,0.192,0.541,12.8,76.4,0.237
104.8,113.2,-8.4,99,0.235,0.295,0.541,0.505,12.7,19.4,0.184,0.541,11.9,77.3,0.188
105.9,115.1,-9.2,100.5,0.259,0.335,0.552,0.514,13.8,20.5,0.202,0.545,13.5,72.5,0.236
104.5,113.7,-9.2,99.6,0.27,0.334,0.529,0.49,12.4,22.1,0.205,0.533,11.7,76.1,0.203
107.7,117.6,-9.9,96.6,0.236,0.332,0.54,0.503,12.2,23.7,0.187,0.564,11.5,77,0.181
114.7,106.1,8.6,97.6,0.298,0.502,0.59,0.551,12.7,21.3,0.233,0.521,13.4,79.9,0.171
113.8,105.9,7.9,97.4,0.25,0.377,0.575,0.539,12.1,23,0.198,0.501,13,77.7,0.212
113.6,107.6,6,99.6,0.239,0.339,0.603,0.569,14.1,21,0.195,0.504,12.6,76.3,0.186
108.4,103.9,4.5,95.7,0.26,0.357,0.564,0.527,13.7,21.5,0.202,0.506,14,79.8,0.19
109.5,105,4.5,99.8,0.263,0.344,0.568,0.535,14.6,25.3,0.198,0.492,12.6,78.6,0.218
110.7,107.2,3.5,96.7,0.275,0.345,0.546,0.514,12.4,27.7,0.197,0.525,14.7,77.4,0.193
107.6,103.9,3.7,96,0.243,0.357,0.552,0.518,13,21.5,0.188,0.495,13,78.4,0.191
107.9,104.8,3.1,95,0.245,0.282,0.543,0.507,12.2,23.7,0.189,0.507,13.2,78.6,0.17
109.1,106.4,2.7,96.5,0.24,0.324,0.549,0.511,12.3,23.3,0.192,0.503,11.7,79.1,0.193
113.4,111.1,2.3,96,0.28,0.261,0.566,0.523,11.4,24.4,0.225,0.539,13.9,76.4,0.189
112.5,111,1.5,96.8,0.258,0.357,0.57,0.536,13.4,25.7,0.198,0.539,12.6,77.5,0.173
109.6,108.3,1.3,100.5,0.237,0.319,0.573,0.541,13.3,20,0.183,0.513,12.5,76.7,0.175
109.5,108.1,1.4,96,0.222,0.284,0.557,0.525,12.3,22.7,0.173,0.527,14.2,76.2,0.174
112.9,111.9,1,98,0.275,0.379,0.584,0.547,12.6,20.1,0.214,0.54,12.2,77.3,0.166
109.3,108.7,0.6,96.6,0.254,0.31,0.56,0.525,13.3,23.5,0.196,0.522,13.6,77.1,0.212
110.3,110.2,0.1,98.7,0.299,0.314,0.564,0.527,13.2,23.5,0.222,0.52,12.6,76.1,0.203
106.8,106.3,0.5,95.6,0.229,0.358,0.551,0.52,13.3,21.5,0.173,0.507,13.1,79,0.215
109.4,109.1,0.3,98.4,0.312,0.314,0.549,0.508,11.4,22.2,0.233,0.532,12.4,80.7,0.165
107.2,107.3,-0.1,96.2,0.227,0.333,0.543,0.512,12.3,22.7,0.169,0.524,13.7,78.5,0.172
109.8,110.1,-0.3,96.2,0.281,0.297,0.571,0.531,12.9,20.4,0.22,0.528,14.2,75.9,0.22
106.5,108,-1.5,100.3,0.264,0.329,0.548,0.517,13.8,23.6,0.188,0.514,12.5,77.7,0.19
106.3,109.5,-3.2,95.6,0.217,0.382,0.544,0.513,11.6,18,0.166,0.532,12.9,78.9,0.193
107.1,110.7,-3.6,96.8,0.216,0.266,0.544,0.51,13.3,24.1,0.17,0.522,12.2,76.7,0.208
106.9,110.6,-3.7,98.9,0.26,0.411,0.551,0.514,13.6,21,0.201,0.517,11,77,0.201
105.2,110.1,-4.9,98.1,0.238,0.342,0.545,0.512,13.3,20,0.18,0.525,12.8,75.6,0.187
105,110.6,-5.6,98.3,0.236,0.363,0.547,0.512,14.1,21.1,0.185,0.536,13.6,76.2,0.183
104.5,111,-6.5,94.9,0.255,0.317,0.539,0.5,14,22.4,0.201,0.529,13.8,76.5,0.256
103.7,111.1,-7.4,94.9,0.194,0.278,0.529,0.502,12.8,21.5,0.143,0.542,13.5,77.6,0.199
103.8,110.9,-7.1,98.3,0.216,0.35,0.529,0.497,12.6,20.6,0.164,0.542,12.4,80.6,0.184
103.5,112.8,-9.3,100.3,0.275,0.32,0.532,0.495,13.9,22.5,0.203,0.533,11.9,76.5,0.212
115.6,104,11.6,99.8,0.259,0.359,0.597,0.563,13.2,22.8,0.204,0.486,13.5,74.9,0.198
111.1,103.5,7.6,94.2,0.263,0.281,0.564,0.524,12.6,24,0.21,0.492,13.5,77.6,0.192
114.7,109,5.7,100,0.304,0.462,0.583,0.545,13.3,24.6,0.233,0.519,13.2,75.8,0.194
112.7,108.2,4.5,96.1,0.312,0.329,0.574,0.537,12,21.5,0.233,0.506,12.1,76.9,0.211
109.6,105.3,4.3,91.6,0.288,0.327,0.563,0.526,13.2,23.2,0.215,0.493,11.8,78.9,0.195
112.3,107.8,4.5,94.7,0.293,0.289,0.561,0.517,11.8,25,0.233,0.507,13.5,76.3,0.223
113.6,110.3,3.3,96.2,0.275,0.399,0.58,0.547,12.6,21.9,0.206,0.516,11.4,75.8,0.174
111.2,108.4,2.8,96.8,0.273,0.393,0.567,0.525,12.2,21.2,0.22,0.503,12.6,75.3,0.223
111.2,109.3,1.9,97.4,0.254,0.284,0.564,0.528,12.8,24.1,0.199,0.524,13.8,75.5,0.213
108.3,107.5,0.8,97.8,0.295,0.295,0.54,0.5,13.2,27.9,0.22,0.511,12.5,79,0.218
107.7,107.1,0.6,92.3,0.28,0.316,0.535,0.491,12.1,24.8,0.219,0.506,13.6,77.5,0.256
107.8,106.7,1.1,95.2,0.251,0.314,0.541,0.512,12.4,24.2,0.177,0.496,12.6,76.4,0.22
113.2,112.7,0.5,98.3,0.276,0.329,0.568,0.53,13.2,27.3,0.214,0.532,10.9,78.7,0.194
107.4,107,0.4,95.3,0.259,0.256,0.53,0.487,12.3,27,0.206,0.507,12.4,76.8,0.169
108.8,108.6,0.2,95.7,0.279,0.335,0.547,0.501,10.7,19.9,0.227,0.523,12.1,79.6,0.164
110.3,110.8,-0.5,96.7,0.275,0.322,0.559,0.52,12.5,23,0.214,0.508,11.6,76.8,0.241
109.1,109.3,-0.2,94.5,0.274,0.29,0.565,0.527,13.2,21.5,0.21,0.518,13.6,75.4,0.215
108.6,108.8,-0.2,95.9,0.261,0.272,0.558,0.516,12.8,21.2,0.212,0.512,13.6,75.5,0.225
110.8,112,-1.2,94.6,0.287,0.249,0.555,0.511,12.9,27.2,0.229,0.535,13.2,75.9,0.212
104.9,105.7,-0.8,97.4,0.295,0.309,0.541,0.504,14.2,23.6,0.215,0.507,13.8,76.1,0.179
106,107.1,-1.1,95,0.218,0.263,0.521,0.492,10.9,24.1,0.157,0.516,12.1,81.2,0.197
105.2,107.4,-2.2,98,0.256,0.308,0.539,0.504,11.7,18.5,0.192,0.509,12.4,76.8,0.177
105.6,108.8,-3.2,92.2,0.225,0.366,0.541,0.505,11.6,18.1,0.18,0.529,14.4,77.6,0.218
107.3,111.3,-4,94.9,0.284,0.291,0.556,0.516,13.7,21,0.22,0.528,12.9,76.3,0.227
107.7,111.5,-3.8,96,0.239,0.279,0.534,0.496,12.4,26.6,0.188,0.511,11.7,74.1,0.214
106.6,112.2,-5.6,100.3,0.297,0.255,0.538,0.493,13.4,26,0.231,0.525,13.1,76.4,0.264
103.2,108.9,-5.7,98.5,0.258,0.349,0.539,0.501,14.9,22.4,0.199,0.512,13.5,75.3,0.234
106,113,-7,98.5,0.259,0.295,0.537,0.501,13.5,25,0.195,0.542,13,75.8,0.213
103.7,110.5,-6.8,96.8,0.246,0.3,0.524,0.489,12.1,21.6,0.184,0.523,11.9,77.4,0.201
104.1,110.7,-6.6,101.3,0.289,0.371,0.551,0.507,14.7,19.6,0.228,0.513,11.6,76.1,0.212
114.5,103.8,10.7,99.3,0.25,0.362,0.593,0.563,13.5,23.5,0.191,0.479,12.6,76,0.208
110.3,99,11.3,93.8,0.246,0.223,0.564,0.526,12.4,23,0.197,0.477,14.1,79.1,0.182
113.1,105.6,7.5,96.7,0.292,0.275,0.565,0.524,14,31.1,0.228,0.484,11.7,76,0.205
110.9,104.5,6.4,93.3,0.259,0.352,0.558,0.524,12.7,25.1,0.194,0.496,12.6,78.5,0.205
108.3,103.8,4.5,95.8,0.318,0.324,0.556,0.524,12.1,20.1,0.22,0.48,13.8,73.8,0.222
110,105.2,4.8,92.9,0.328,0.287,0.552,0.504,12.3,24.6,0.255,0.498,12.7,77.7,0.201
105.1,101.4,3.7,97.1,0.237,0.336,0.552,0.516,13.8,19.1,0.185,0.48,14.4,74.6,0.194
106.8,103.6,3.2,98.5,0.264,0.293,0.531,0.488,12.1,25.1,0.208,0.487,14.6,74.6,0.231
107.1,104.3,2.8,95.7,0.28,0.348,0.545,0.502,11.7,20,0.222,0.496,12.5,79.8,0.191
105.9,103.9,2,91,0.286,0.297,0.54,0.501,14.2,25.9,0.213,0.495,13.5,77.7,0.21
104.6,102.9,1.7,96.6,0.268,0.27,0.536,0.497,13.5,23.4,0.205,0.489,14.3,76,0.205
106.1,104.4,1.7,93.6,0.282,0.221,0.545,0.508,13.3,23.8,0.21,0.485,12.1,77.8,0.196
108.8,108,0.8,96,0.268,0.332,0.548,0.511,13.2,25.9,0.202,0.503,12.1,76.2,0.225
106.1,105.5,0.6,95.1,0.296,0.303,0.522,0.491,12.2,27,0.197,0.504,12.5,79.3,0.196
108.3,108.1,0.2,97.6,0.352,0.37,0.553,0.516,14.2,25.7,0.244,0.516,14.7,72.8,0.219
106.7,107,-0.3,94.3,0.265,0.339,0.544,0.502,12,20.6,0.211,0.504,12.8,76.2,0.198
105.3,105.8,-0.5,98.5,0.263,0.282,0.544,0.511,13.1,20.6,0.192,0.515,14.6,77.7,0.218
105,106.5,-1.5,95.7,0.24,0.244,0.526,0.487,12.6,24.5,0.189,0.485,10.7,74.9,0.182
105.1,106.8,-1.7,96,0.232,0.255,0.533,0.5,12.8,23.1,0.175,0.513,13.8,76.5,0.215
105.4,107.8,-2.4,93.3,0.295,0.222,0.524,0.477,12.3,25.3,0.231,0.518,15.2,75.1,0.251
106,108.4,-2.4,100,0.295,0.26,0.546,0.51,14.2,23.9,0.214,0.521,14,74.9,0.202
104.6,107.6,-3,93.4,0.255,0.256,0.527,0.483,12.6,23.7,0.205,0.487,10.5,75.8,0.204
105.6,108.9,-3.3,95.7,0.282,0.277,0.531,0.489,13.2,25.8,0.216,0.515,12.6,77.3,0.216
106.5,110.1,-3.6,95.2,0.332,0.202,0.549,0.498,13.9,24.3,0.263,0.524,13.6,74.7,0.2
105.6,109.5,-3.9,96.8,0.259,0.277,0.537,0.498,12.3,21.2,0.201,0.523,12.7,78.8,0.225
104.3,108.7,-4.4,94.2,0.276,0.189,0.537,0.499,14.2,24.9,0.207,0.51,14.2,73.1,0.221
102.2,109,-6.8,98.5,0.271,0.302,0.526,0.487,15.2,25.4,0.204,0.523,13.5,77.1,0.237
103.2,110.9,-7.7,95.2,0.246,0.218,0.527,0.492,13.6,24.1,0.186,0.534,13.1,75.7,0.176
101.6,111.6,-10,95.6,0.292,0.29,0.509,0.46,12.5,23.1,0.228,0.523,11.6,74.7,0.202
98.8,109.2,-10.4,97.9,0.269,0.327,0.519,0.487,14.8,20.6,0.186,0.51,13.5,74,0.24
111.6,101.4,10.2,98.3,0.239,0.311,0.571,0.54,13.1,24.1,0.184,0.47,14.3,74.5,0.217
112.4,105.5,6.9,94.7,0.303,0.322,0.565,0.533,11.6,22.8,0.215,0.493,13.2,75.7,0.231
108.5,102,6.5,93.8,0.256,0.269,0.555,0.517,13.1,23.4,0.2,0.484,13.3,77.3,0.19
108.9,103.1,5.8,93.9,0.259,0.321,0.563,0.527,13.5,21.4,0.201,0.492,14.9,73.4,0.185
108.2,103.7,4.5,94.2,0.225,0.316,0.544,0.508,12.6,24.2,0.18,0.476,11.3,76.2,0.182
111.1,106.3,4.8,92.3,0.287,0.334,0.557,0.52,13.4,26.8,0.216,0.502,12.6,74.7,0.177
107,103.4,3.6,96.5,0.312,0.392,0.548,0.512,15,26.8,0.223,0.486,14.6,72.9,0.208
105.7,102.2,3.5,92,0.276,0.184,0.531,0.489,12.6,24.7,0.214,0.492,14.5,75.3,0.183
109.5,106.4,3.1,95.2,0.262,0.296,0.55,0.515,11.9,23.6,0.197,0.503,14.7,72.2,0.204
107.5,104.3,3.2,92.8,0.304,0.269,0.536,0.489,12.9,27,0.238,0.473,11.3,74.4,0.182
107.8,105.5,2.3,95.7,0.284,0.262,0.532,0.492,13.1,28.9,0.214,0.489,12.4,75.6,0.213
111,107.7,3.3,92.8,0.295,0.302,0.553,0.508,12,25.6,0.232,0.506,13.4,73.3,0.208
108.2,107.3,0.9,91.4,0.263,0.233,0.537,0.501,12.5,27.1,0.198,0.496,11.7,75.1,0.195
105.1,104.9,0.2,90.4,0.297,0.274,0.531,0.494,14.6,29.1,0.214,0.491,12.8,76.3,0.199
103.7,103,0.7,93.7,0.259,0.203,0.534,0.499,14,24.9,0.192,0.481,12.9,77.3,0.21
102.7,102.2,0.5,94.1,0.258,0.223,0.536,0.499,15.5,25.4,0.195,0.487,15.9,73.3,0.221
103.5,103.2,0.3,93.2,0.266,0.255,0.523,0.484,13.1,24,0.201,0.478,12,77.9,0.217
105.3,106.2,-0.9,96.3,0.251,0.291,0.537,0.501,13.7,24.5,0.191,0.497,14,73.5,0.221
104.7,104.5,0.2,95.8,0.233,0.28,0.523,0.489,12.5,24.7,0.176,0.494,13.7,75,0.208
105.3,106.4,-1.1,92.8,0.261,0.29,0.515,0.482,12.3,27.7,0.184,0.502,13.2,75,0.192
103.9,106.7,-2.8,90.9,0.306,0.262,0.54,0.5,14.5,23.2,0.227,0.505,14.2,73.4,0.213
104.5,108.2,-3.7,96.1,0.278,0.284,0.518,0.479,12.7,26.6,0.204,0.504,13,74.7,0.239
105.3,109.2,-3.9,95.4,0.363,0.204,0.542,0.49,14.8,26.5,0.276,0.507,11.8,75.2,0.2
104.4,107.4,-3,92.7,0.267,0.24,0.529,0.491,13,23.9,0.2,0.506,12.9,73.7,0.185
100.1,103.5,-3.4,93,0.269,0.226,0.498,0.456,11.2,22.1,0.202,0.487,12,79.3,0.188
101.6,107.7,-6.1,93.8,0.23,0.235,0.524,0.494,14,23.1,0.168,0.514,13.6,76,0.21
103.4,110.6,-7.2,94,0.276,0.22,0.513,0.473,12.1,25.4,0.204,0.518,12.1,76.3,0.231
102.9,112.2,-9.3,94.4,0.309,0.179,0.517,0.468,13.7,26.6,0.24,0.537,13.9,71.6,0.187
95.5,104.8,-9.3,95.7,0.288,0.319,0.494,0.459,16,25.5,0.195,0.497,15.2,73,0.225
99.9,110,-10.1,91.2,0.234,0.24,0.508,0.47,14,24.5,0.18,0.512,13.3,73.1,0.234
110.5,102.4,8.1,95,0.24,0.257,0.571,0.537,13.5,22.7,0.188,0.482,12.8,76.4,0.184
112.1,104.8,7.3,95.9,0.353,0.291,0.567,0.526,12.7,25,0.258,0.484,13.8,72.5,0.222
110.5,103.9,6.6,95.4,0.303,0.271,0.566,0.52,14,26.5,0.244,0.488,13.9,75.6,0.221
107.5,102.6,4.9,96.2,0.247,0.291,0.55,0.517,13.8,25.1,0.186,0.477,13.6,76.3,0.224
111,106.3,4.7,96.3,0.386,0.33,0.571,0.531,14.6,27.4,0.275,0.489,12.5,74.1,0.193
111.5,107.4,4.1,94.9,0.27,0.29,0.548,0.504,12.4,28,0.22,0.488,11,74.7,0.194
110.9,105.8,5.1,91.2,0.3,0.292,0.59,0.554,14.6,20.6,0.228,0.511,15.8,73,0.212
104.1,99.3,4.8,92.5,0.29,0.235,0.535,0.49,14.3,24.9,0.226,0.46,12.9,76.8,0.197
108.9,106.2,2.7,97.3,0.321,0.245,0.535,0.486,12.2,27.4,0.249,0.518,14.8,74.4,0.177
109.5,106.7,2.8,95.8,0.293,0.3,0.558,0.519,14,26.4,0.222,0.496,13.9,73.7,0.237
111.2,108.7,2.5,93.5,0.253,0.274,0.564,0.526,12.7,24.6,0.201,0.515,14.8,72.7,0.229
108.8,105.3,3.5,91.8,0.306,0.285,0.545,0.498,13.2,27.2,0.239,0.493,14.1,74.9,0.237
106.3,104.6,1.7,89.9,0.248,0.171,0.529,0.494,13.1,28.3,0.184,0.497,13.8,75.7,0.199
102.5,100.5,2,90.2,0.29,0.222,0.518,0.471,14.2,27.2,0.226,0.471,13.7,75.4,0.189
106,104.6,1.4,93.2,0.248,0.246,0.538,0.506,13.6,25.2,0.181,0.504,15,75.7,0.22
105.9,106.4,-0.5,94.6,0.266,0.316,0.554,0.515,14.3,21,0.208,0.51,14,74.4,0.196
103.6,103.8,-0.2,92.4,0.297,0.219,0.522,0.481,11.7,21.9,0.219,0.491,12.6,77.6,0.183
106,108.2,-2.2,98.1,0.306,0.278,0.536,0.497,14,27.5,0.222,0.5,12.8,74.5,0.233
108.3,109.1,-0.8,90.3,0.248,0.302,0.541,0.505,12.5,25.1,0.189,0.514,14,74.3,0.245
106.7,107.7,-1,91.4,0.313,0.301,0.555,0.514,14.1,21.7,0.236,0.509,14.9,72.3,0.236
107.2,110.1,-2.9,92.2,0.286,0.193,0.537,0.495,12.9,26.9,0.22,0.515,13.6,73.8,0.249
105.7,108.8,-3.1,94.4,0.331,0.218,0.532,0.484,13.9,27.8,0.251,0.512,12.7,76.6,0.234
104.2,107.7,-3.5,93.1,0.268,0.236,0.518,0.479,13,27.2,0.201,0.508,13,75.8,0.199
105.9,109.7,-3.8,94.9,0.296,0.222,0.514,0.482,12.9,31.4,0.199,0.52,13.8,73.4,0.218
102.9,107.7,-4.8,93.3,0.248,0.251,0.517,0.477,14.2,27.4,0.193,0.505,13.4,74.2,0.227
104.2,110.6,-6.4,98.7,0.263,0.291,0.542,0.505,13.7,20.2,0.199,0.513,12.4,71,0.192
101.7,107.4,-5.7,93.6,0.253,0.235,0.525,0.487,13.9,22.4,0.193,0.504,13,75.5,0.211
103.5,111.3,-7.8,91.4,0.271,0.237,0.523,0.484,13.9,25.5,0.202,0.518,12.1,74.5,0.227
103,111.8,-8.8,91.8,0.274,0.231,0.519,0.479,14.1,27.1,0.204,0.52,13.2,71.4,0.225
99.4,109.9,-10.5,99.2,0.268,0.258,0.51,0.475,14.8,24.8,0.19,0.524,14.9,72.4,0.244
112.4,102.6,9.8,93.3,0.338,0.244,0.58,0.527,14.4,26.7,0.28,0.469,13.5,73.4,0.197
112.3,103.7,8.6,90.7,0.297,0.285,0.588,0.552,13.7,22.2,0.224,0.487,14.8,73,0.2
108.3,101.6,6.7,94.2,0.258,0.264,0.568,0.531,14,20.5,0.204,0.48,13.7,74.9,0.179
110.6,103.6,7,91.1,0.286,0.265,0.557,0.526,13.9,28.8,0.203,0.492,15.4,73.5,0.229
110.4,105.1,5.3,95.1,0.308,0.217,0.549,0.515,13.6,31.4,0.216,0.493,14.3,71.8,0.193
104.9,100.3,4.6,88.4,0.261,0.166,0.514,0.472,13.3,31,0.202,0.475,15.2,74.3,0.209
111.1,106.3,4.8,89.8,0.258,0.354,0.55,0.515,11.7,25.6,0.196,0.508,14.8,74.7,0.216
109.7,106.1,3.6,96.1,0.308,0.349,0.564,0.525,14.9,26.4,0.232,0.502,13.5,75.2,0.196
104.3,99.8,4.5,90.2,0.293,0.245,0.521,0.479,14.3,30.3,0.219,0.453,12.9,74.6,0.197
107.8,106.6,1.2,94.4,0.345,0.303,0.548,0.512,13.9,27,0.239,0.496,11.9,74.3,0.163
106.4,105.5,0.9,94.5,0.255,0.239,0.545,0.506,14,25.4,0.201,0.486,12.4,75.5,0.211
108.2,106.2,2,88.8,0.299,0.269,0.536,0.498,14,30.9,0.219,0.503,13.1,73.7,0.174
106.7,106.8,-0.1,90.9,0.281,0.206,0.533,0.492,13.8,28.8,0.214,0.501,14,73.2,0.226
103.5,103.2,0.3,89.3,0.259,0.189,0.512,0.47,13.6,29.4,0.201,0.477,13.2,73.6,0.206
104.8,104.4,0.4,92.6,0.244,0.286,0.546,0.517,14.2,22.2,0.174,0.496,14.2,73.6,0.181
105.9,106.5,-0.6,94.1,0.242,0.236,0.544,0.506,13,21.8,0.192,0.492,13.3,73.1,0.227
103.1,103.3,-0.2,91.7,0.263,0.215,0.542,0.503,14.1,20.1,0.204,0.482,14.2,73.3,0.216
103.6,105.2,-1.6,94.7,0.236,0.232,0.51,0.476,12.7,27.9,0.174,0.492,14.4,71.3,0.201
102.9,105.4,-2.5,92.8,0.305,0.22,0.516,0.473,13.8,27.4,0.226,0.511,15,74,0.187
105.9,107.5,-1.6,90.4,0.274,0.249,0.532,0.488,13,25.5,0.216,0.5,13.6,73.4,0.247
105.8,109.2,-3.4,91.4,0.25,0.284,0.536,0.498,13.9,25.3,0.194,0.512,12.5,73.3,0.189
100.2,103,-2.8,92.2,0.261,0.223,0.512,0.475,14.2,24.6,0.191,0.483,13.7,74.6,0.206
105.7,110.1,-4.4,88.5,0.248,0.224,0.528,0.489,14,29.2,0.193,0.52,13.1,74.4,0.208
102,105.7,-3.7,91,0.2,0.209,0.509,0.481,12.5,24.9,0.146,0.495,13.7,73.4,0.2
106.2,111.4,-5.2,93.6,0.271,0.243,0.532,0.491,13.4,26.6,0.208,0.517,13.6,71,0.227
103.8,108.1,-4.3,90.8,0.282,0.217,0.521,0.487,14.3,28.3,0.197,0.505,13.1,73,0.209
104.3,109.4,-5.1,92.3,0.265,0.229,0.514,0.473,13,28.1,0.2,0.523,14.4,72.6,0.225
101.2,108.1,-6.9,93.4,0.234,0.21,0.512,0.477,14.3,27,0.174,0.512,14.2,71.9,0.208
101.6,109.1,-7.5,92.2,0.197,0.223,0.514,0.485,13.7,25.4,0.149,0.508,11.8,74.6,0.195
101.5,111.5,-10,91.5,0.31,0.21,0.507,0.46,13.2,25.7,0.233,0.524,13.2,71.1,0.197
111.7,103.5,8.2,90.9,0.363,0.235,0.573,0.524,13.5,25.2,0.279,0.475,12.6,75.5,0.223
108.3,100.3,8,90.4,0.305,0.215,0.541,0.501,13.5,29.4,0.227,0.463,13.6,76.2,0.222
111,104.3,6.7,90.7,0.293,0.22,0.545,0.502,12.3,29.2,0.228,0.477,12.8,72.3,0.181
111.8,105.6,6.2,92.3,0.299,0.261,0.567,0.527,12.8,24.9,0.229,0.491,12.6,74.6,0.19
107.9,102,5.9,91.2,0.328,0.328,0.554,0.521,14.3,26.1,0.227,0.475,13.3,76.9,0.219
106.2,100.3,5.9,90.4,0.305,0.18,0.561,0.519,14.5,21.1,0.235,0.469,14.8,74.7,0.235
112.3,107.3,5,95.6,0.367,0.258,0.574,0.526,13.1,23.9,0.281,0.5,12.7,75.4,0.224
109.7,105,4.7,91.3,0.286,0.274,0.565,0.525,13.6,24.1,0.222,0.488,13,74.8,0.206
111.2,107.2,4,92.7,0.363,0.212,0.561,0.501,13.1,27.4,0.299,0.493,12.9,73.6,0.228
107.6,105.1,2.5,91.9,0.291,0.136,0.534,0.493,13,28.9,0.218,0.502,15.7,72.5,0.228
111.3,109,2.3,94.2,0.299,0.264,0.55,0.503,12.3,27.4,0.239,0.5,12.6,72.7,0.219
108.8,107.1,1.7,87.9,0.278,0.228,0.533,0.486,12.6,29.5,0.224,0.51,15.4,72,0.231
106.2,105.2,1,88.7,0.296,0.192,0.537,0.493,12.8,25.1,0.226,0.501,14.4,76.2,0.22
106.6,105,1.6,91.7,0.273,0.184,0.535,0.494,12.3,24.6,0.21,0.487,13.5,74.5,0.231
110.9,110.1,0.8,95.6,0.304,0.303,0.561,0.513,12.6,24.2,0.246,0.511,13.8,71.9,0.24
109.5,110.4,-0.9,94.4,0.283,0.271,0.559,0.522,13.2,23.7,0.215,0.513,13.1,71.6,0.211
101.6,102.5,-0.9,89.8,0.287,0.216,0.511,0.467,13,24.7,0.217,0.481,14.7,74.8,0.236
106.1,107,-0.9,89.3,0.269,0.222,0.542,0.501,13.5,23.4,0.209,0.495,12.3,74.6,0.211
104.8,106,-1.2,94.7,0.3,0.244,0.533,0.486,14.1,25.9,0.235,0.487,12.8,74.1,0.237
108.1,110.1,-2,91,0.313,0.191,0.544,0.498,13.5,27,0.241,0.505,13.8,71.7,0.275
108.2,110.7,-2.5,94.8,0.241,0.248,0.544,0.51,13.3,26.7,0.183,0.509,14.5,69.3,0.259
105.3,108.7,-3.4,92.8,0.332,0.23,0.535,0.496,15.1,28.4,0.234,0.499,12.8,73.2,0.25
107.7,111.7,-4,89.2,0.279,0.189,0.533,0.495,12.5,27.4,0.206,0.526,13.8,72.1,0.235
103.4,107.8,-4.4,89.6,0.314,0.189,0.528,0.482,14.1,25.7,0.237,0.5,12.9,75.2,0.229
103.5,109,-5.5,95.2,0.284,0.183,0.519,0.48,14.4,29.9,0.208,0.513,13.5,74.4,0.233
104.2,111.1,-6.9,96.5,0.282,0.223,0.526,0.483,15.1,29.6,0.217,0.514,13.1,73.7,0.251
103.1,109.9,-6.8,89.9,0.283,0.201,0.517,0.474,13.4,26.1,0.215,0.503,11.8,74.2,0.241
106.1,112.9,-6.8,92.9,0.293,0.162,0.533,0.491,13.7,28.2,0.221,0.522,13,72,0.251
102.4,110.2,-7.8,93.8,0.29,0.172,0.513,0.471,13.9,28,0.216,0.512,14.4,70.5,0.249
102.2,111.8,-9.6,93,0.312,0.224,0.518,0.472,13.4,24.2,0.233,0.524,12.7,73.3,0.211
111.4,103.3,8.1,92,0.34,0.35,0.573,0.536,13.6,24.6,0.246,0.477,12.2,77.4,0.205
111.2,104.1,7.1,91.4,0.341,0.248,0.57,0.532,13.4,25.1,0.246,0.482,12.3,77.2,0.218
110.7,105,5.7,93.8,0.34,0.184,0.565,0.524,14.2,26.8,0.252,0.492,14.2,75.6,0.269
110,104.5,5.5,91.7,0.296,0.232,0.552,0.515,12.9,26.8,0.219,0.483,12.1,76.3,0.214
108.8,103.7,5.1,92.8,0.289,0.227,0.538,0.496,12.4,27.6,0.221,0.484,13.2,74.4,0.195
115.3,110.2,5.1,95.3,0.312,0.261,0.585,0.546,13.6,27.6,0.24,0.491,11.6,70.8,0.224
111.9,106.7,5.2,90.1,0.281,0.214,0.545,0.506,11.4,28.2,0.213,0.496,13.2,72.7,0.208
111.8,107.5,4.3,94.8,0.376,0.227,0.561,0.509,12.7,26.1,0.29,0.495,13.8,72.4,0.251
108.3,104.6,3.7,93.1,0.333,0.185,0.547,0.494,13.9,28.6,0.268,0.483,14,73.6,0.229
107.7,103.8,3.9,91.6,0.332,0.228,0.564,0.522,14.5,22.8,0.248,0.487,14.9,73.8,0.251
110.8,107.1,3.7,87.7,0.315,0.215,0.547,0.499,12.1,28.2,0.249,0.502,13.3,74.8,0.219
109.2,106.3,2.9,92.5,0.277,0.222,0.552,0.506,12.3,24.3,0.226,0.495,13.6,73.7,0.206
106.6,104.1,2.5,89.6,0.296,0.219,0.537,0.496,12.8,26.1,0.223,0.48,13.9,74.9,0.246
104.9,103.1,1.8,91.7,0.239,0.259,0.518,0.482,12.3,26.2,0.181,0.486,14.6,76.4,0.266
104.4,102.8,1.6,90.4,0.346,0.211,0.538,0.49,15.1,26.5,0.26,0.491,14.7,74.2,0.194
107.6,108,-0.4,94,0.292,0.265,0.537,0.494,13.2,26.9,0.225,0.511,13.6,73.8,0.215
108.3,109.9,-1.6,93.6,0.32,0.148,0.536,0.494,13.7,31.3,0.235,0.52,13.2,73.3,0.205
103.5,105.3,-1.8,93.1,0.287,0.156,0.52,0.477,13.3,26.6,0.217,0.484,12.3,74.8,0.212
111.3,113.2,-1.9,93.1,0.319,0.211,0.564,0.521,12.7,24.7,0.244,0.513,11.8,72.9,0.247
107.4,110.1,-2.7,92.6,0.243,0.23,0.543,0.506,12.7,24.8,0.189,0.523,13.5,73.8,0.205
103.7,106.8,-3.1,97.1,0.296,0.278,0.536,0.491,13.8,21.6,0.229,0.49,13.4,73,0.258
108.1,111.7,-3.6,100.4,0.294,0.238,0.557,0.514,13.1,20.9,0.23,0.525,15.1,68.5,0.26
106.1,110.3,-4.2,91.6,0.27,0.206,0.534,0.496,13.7,27.6,0.204,0.518,13.8,73.2,0.231
107.6,111.6,-4,94,0.256,0.312,0.547,0.509,13,23.5,0.2,0.526,13.3,72.1,0.207
105.3,109.9,-4.6,94,0.286,0.201,0.528,0.491,13.6,27.8,0.207,0.505,12.6,73.5,0.244
104.2,109.4,-5.2,91.6,0.283,0.183,0.524,0.481,13.9,27.6,0.216,0.502,12.8,72.4,0.239
105.6,111.4,-5.8,88.5,0.303,0.18,0.515,0.474,12.8,30.3,0.22,0.526,14.2,73.4,0.264
103.3,110.1,-6.8,92.6,0.283,0.221,0.529,0.491,14.8,27.1,0.206,0.509,12.2,74,0.214
100.6,110.5,-9.9,91.4,0.307,0.181,0.509,0.458,13.7,25.1,0.24,0.517,13.3,71.8,0.229
101.7,111.6,-9.9,96.1,0.278,0.171,0.518,0.478,14.6,26.7,0.207,0.525,13,73.6,0.22
112.4,102.4,10,88.7,0.312,0.259,0.56,0.519,12.5,27.7,0.236,0.468,13.5,74.6,0.226
110.5,102.3,8.2,90.4,0.328,0.214,0.571,0.528,15,27.9,0.251,0.47,14,75.6,0.253
112.8,104.7,8.1,94.3,0.299,0.217,0.555,0.513,12.3,29.4,0.23,0.49,14.2,73,0.213
109.2,101.9,7.3,92.3,0.351,0.335,0.559,0.52,13.4,24,0.251,0.465,12.3,75.9,0.209
113.9,107.8,6.1,86.6,0.306,0.239,0.553,0.511,12.5,32.6,0.234,0.499,13.2,75,0.227
108.4,104,4.4,90.2,0.292,0.254,0.548,0.501,13.6,26.4,0.235,0.479,11.9,75.3,0.192
108.5,104.3,4.2,88.4,0.251,0.248,0.548,0.513,11.7,22.1,0.191,0.487,11.7,78,0.191
110.4,106.8,3.6,94.3,0.382,0.227,0.563,0.512,14.2,27.5,0.29,0.485,14.1,71.7,0.259
110.1,107.3,2.8,93.1,0.355,0.169,0.554,0.504,13.6,28.2,0.274,0.505,15,72.7,0.262
109.3,107.6,1.7,89.6,0.323,0.253,0.546,0.504,12.5,26,0.238,0.494,13.2,71.6,0.21
110.5,108.4,2.1,91.5,0.274,0.241,0.55,0.504,12.1,26.6,0.224,0.493,12.3,74.6,0.225
113.6,111.6,2,96,0.336,0.216,0.584,0.545,14.4,27.7,0.25,0.511,12.8,71.7,0.233
108.7,107,1.7,87.8,0.288,0.24,0.548,0.501,12.5,24.6,0.232,0.496,13.2,74.9,0.23
107.8,107.6,0.2,89.9,0.282,0.245,0.54,0.5,12.1,24.6,0.212,0.501,14.5,72.9,0.251
107.9,107.8,0.1,90,0.339,0.164,0.532,0.485,13.4,31.3,0.253,0.507,14.9,71.4,0.216
108.4,108.7,-0.3,93.1,0.3,0.189,0.541,0.493,13.3,28,0.239,0.493,13.1,70.9,0.238
107.4,108,-0.6,86.7,0.282,0.165,0.524,0.483,11.7,27.9,0.212,0.485,11.7,74,0.248
108.1,109.2,-1.1,96.5,0.267,0.244,0.545,0.501,13.1,25.4,0.215,0.499,12.7,74.5,0.271
106.7,107.9,-1.2,92.6,0.306,0.208,0.531,0.483,13.1,27.8,0.239,0.503,15.6,74,0.315
104.7,106.1,-1.4,88.3,0.312,0.213,0.536,0.494,15.1,27.7,0.231,0.498,14.4,73,0.229
108.3,111,-2.7,89.9,0.303,0.265,0.543,0.497,12.7,25.2,0.236,0.509,13,73.5,0.272
108.1,110.8,-2.7,96.7,0.268,0.322,0.544,0.503,12.9,24.4,0.21,0.52,13,72.7,0.215
107,110,-3,92,0.279,0.193,0.542,0.494,12.8,24,0.23,0.511,12.6,73.7,0.202
109.5,113.3,-3.8,98.2,0.339,0.209,0.549,0.497,12.9,26.1,0.268,0.508,12.9,68.1,0.251
106.1,111.4,-5.3,91.6,0.289,0.227,0.526,0.481,13.3,27.7,0.222,0.515,12,75,0.254
103.5,109.5,-6,90.1,0.329,0.175,0.533,0.486,14.8,25.8,0.249,0.515,14.1,73.5,0.247
102.9,109.4,-6.5,93.6,0.308,0.141,0.521,0.471,14.8,28.6,0.242,0.514,13,73.9,0.216
105.4,113.6,-8.2,91,0.293,0.18,0.524,0.48,13.2,27.7,0.224,0.533,13.3,71.4,0.227
102.3,111.7,-9.4,92.1,0.275,0.226,0.52,0.481,14,25.1,0.202,0.512,12.4,71.2,0.227
105.5,114.7,-9.2,94.2,0.315,0.238,0.542,0.491,14.3,24.5,0.252,0.526,13,69.9,0.269
110.2,98.9,11.3,90.9,0.346,0.249,0.569,0.522,14.7,26.6,0.267,0.457,15.2,74.4,0.253
113,105.5,7.5,95.6,0.333,0.257,0.57,0.525,12.9,26.3,0.256,0.485,12.9,73.4,0.214
113.8,106.5,7.3,93.2,0.349,0.166,0.573,0.528,13.6,29.5,0.265,0.501,15,74.1,0.294
111.4,102.9,8.5,87.3,0.3,0.203,0.539,0.495,11.4,29.4,0.23,0.47,13.4,73.7,0.244
111.5,105.7,5.8,89.9,0.251,0.239,0.548,0.512,11.4,27,0.193,0.501,13.5,75.4,0.184
113.3,108.1,5.2,96.7,0.292,0.26,0.59,0.551,13.4,22.4,0.228,0.488,11.8,70.9,0.191
107.2,101.8,5.4,88.8,0.276,0.251,0.543,0.504,12.6,23.4,0.21,0.477,12.8,77.1,0.201
106.8,101.6,5.2,90.4,0.276,0.255,0.528,0.492,13,29.1,0.2,0.465,12.8,74.8,0.214
111.3,105.5,5.8,93.4,0.355,0.322,0.575,0.537,13.6,23.4,0.256,0.484,12.3,74.8,0.217
111.1,106.1,5,90.2,0.318,0.215,0.554,0.502,12.3,26.7,0.259,0.474,11.7,75,0.252
110,106.3,3.7,99.7,0.358,0.228,0.557,0.51,12.9,25.5,0.269,0.499,14.1,72.1,0.203
110.2,107,3.2,90.2,0.247,0.217,0.551,0.511,11.4,23.4,0.2,0.505,13.5,75,0.205
111.8,109.5,2.3,98.8,0.276,0.295,0.548,0.511,11.5,27.2,0.208,0.509,14.7,70.3,0.258
106.4,106,0.4,90.4,0.321,0.143,0.522,0.482,13.4,31.8,0.227,0.504,15.1,72,0.205
107.3,108.4,-1.1,87.9,0.281,0.218,0.532,0.489,12.6,26.8,0.216,0.491,12.1,71.8,0.212
106,106.4,-0.4,90.2,0.308,0.231,0.52,0.48,13.1,30.4,0.221,0.494,12.9,75.9,0.24
109.2,109.6,-0.4,89.5,0.297,0.241,0.535,0.489,12.5,28.9,0.233,0.513,13.5,72.8,0.217
107.5,109.9,-2.4,94.7,0.346,0.208,0.556,0.503,14.8,25.2,0.276,0.51,13.9,71.7,0.256
106,107.5,-1.5,97.7,0.292,0.289,0.54,0.498,13.5,24.4,0.224,0.498,14.1,73.9,0.271
106.9,108.9,-2,91.1,0.34,0.165,0.535,0.483,14,29.7,0.263,0.501,12.9,71.7,0.217
103.9,107.2,-3.3,93,0.296,0.19,0.515,0.47,13.4,28.9,0.223,0.496,14.2,73.1,0.258
104.6,109.4,-4.8,91.8,0.323,0.22,0.532,0.492,13.9,25.6,0.23,0.505,13.4,71,0.235
104,109.4,-5.4,91.5,0.347,0.222,0.528,0.481,14.2,26.6,0.255,0.497,12.7,73.8,0.271
105,111.4,-6.4,95.3,0.311,0.264,0.539,0.5,14,23.8,0.225,0.521,12.2,73.4,0.196
103.8,111.2,-7.4,91.9,0.248,0.185,0.518,0.484,13.6,27.5,0.183,0.513,12.9,73.6,0.269
104.7,111.9,-7.2,91.6,0.31,0.215,0.518,0.475,13.4,28.6,0.226,0.518,12.1,72.7,0.229
101.2,109.1,-7.9,92.1,0.338,0.167,0.519,0.465,13.7,23.1,0.264,0.503,12.8,73.1,0.236
105.3,112.8,-7.5,91.3,0.294,0.195,0.522,0.482,13.7,30,0.215,0.524,13,73,0.25
100.5,109.5,-9,96.3,0.265,0.134,0.509,0.467,14.3,26.8,0.204,0.503,11.9,73.7,0.215
100.5,110,-9.5,90.2,0.3,0.217,0.522,0.482,14.4,22.1,0.218,0.51,13.6,71.9,0.245
109.2,99.9,9.3,89.8,0.313,0.247,0.561,0.521,13.6,24.2,0.235,0.471,14,75.7,0.201
111.3,103.2,8.1,89.5,0.317,0.218,0.559,0.509,13.4,28.7,0.256,0.477,14.2,75,0.265
113.9,106.4,7.5,95.6,0.267,0.287,0.59,0.551,13.4,22.7,0.215,0.492,13.6,71.9,0.206
106,100.7,5.3,90.7,0.292,0.29,0.54,0.499,13.6,25.7,0.22,0.466,13.6,77,0.23
104.9,99.6,5.3,93.6,0.313,0.186,0.534,0.493,14.7,28.6,0.229,0.473,16.2,74.3,0.252
108.9,104.2,4.7,87.3,0.307,0.201,0.535,0.488,12,28.3,0.237,0.477,14.3,70.9,0.234
105.5,101.3,4.2,90.8,0.32,0.211,0.522,0.484,13.4,29.7,0.223,0.48,14.7,75.8,0.243
110.1,107,3.1,91.6,0.38,0.163,0.551,0.502,14.5,31.7,0.283,0.496,14.4,75.1,0.314
107.6,105.9,1.7,97.4,0.36,0.212,0.548,0.501,14.6,28.9,0.268,0.499,14.5,71.8,0.203
107,106,1,92.6,0.303,0.224,0.55,0.504,13,22.2,0.239,0.503,14.3,74.5,0.219
104.9,104.1,0.8,89.9,0.393,0.158,0.544,0.5,16.3,29.3,0.276,0.48,14.6,73.7,0.286
108.6,108.6,0,93.5,0.333,0.259,0.554,0.511,14.3,26.1,0.249,0.5,13.5,72.3,0.262
107,107.4,-0.4,99.2,0.3,0.279,0.548,0.512,14.1,25.6,0.215,0.506,16.1,69.6,0.264
105.1,105.6,-0.5,90.8,0.355,0.143,0.537,0.481,14.5,27.2,0.28,0.488,13.3,74.7,0.249
110.1,110.6,-0.5,94.1,0.356,0.237,0.542,0.491,12.6,28.1,0.272,0.517,14.4,71,0.249
105.7,106.6,-0.9,91.4,0.338,0.263,0.546,0.504,14.2,24.6,0.245,0.49,13.7,74.4,0.266
104.8,106.5,-1.7,90.2,0.291,0.188,0.52,0.479,13.6,29.1,0.215,0.499,13.2,74.7,0.212
104.3,105.3,-1,89.9,0.321,0.245,0.541,0.506,14.3,24.9,0.222,0.485,13.8,73.3,0.232
106.2,108,-1.8,94.8,0.379,0.232,0.545,0.491,13.5,23.1,0.289,0.513,14.9,72.5,0.24
107.2,110.3,-3.1,91.8,0.288,0.219,0.544,0.499,14.5,27.8,0.228,0.515,14.1,70.9,0.243
102.9,105.5,-2.6,92.4,0.324,0.212,0.523,0.474,15.1,28.4,0.246,0.491,14.8,72.7,0.271
105.7,108.8,-3.1,90.8,0.377,0.216,0.539,0.494,15.9,31,0.27,0.504,13,74,0.246
103.9,107.9,-4,91,0.291,0.167,0.537,0.49,14.8,25.1,0.231,0.498,13.3,72.1,0.226
103.6,106.9,-3.3,90.7,0.333,0.128,0.53,0.48,14.6,27.2,0.255,0.501,14.7,70.8,0.221
103.2,106.9,-3.7,92,0.337,0.199,0.53,0.479,15.4,27,0.259,0.502,14.5,73.8,0.28
105.1,109.9,-4.8,88.3,0.314,0.193,0.53,0.483,14.5,28.2,0.241,0.508,13.5,73,0.267
103.6,107.6,-4,92,0.322,0.193,0.524,0.48,13.9,26.4,0.236,0.5,14.7,71.6,0.279
107,111.7,-4.7,92.3,0.286,0.219,0.541,0.504,14.1,27.6,0.209,0.522,14.5,68.1,0.234
106.9,112.3,-5.4,93.6,0.374,0.211,0.555,0.504,15.2,25.9,0.285,0.529,14,71.1,0.237
103,108.3,-5.3,90,0.346,0.163,0.523,0.471,15.1,29.2,0.263,0.503,14.5,70.9,0.268
107.3,99.6,7.7,88.5,0.298,0.215,0.546,0.513,13.6,26,0.209,0.457,13.5,74.2,0.22
110.8,103.1,7.7,86.8,0.297,0.221,0.535,0.497,11.2,28.9,0.216,0.477,13.7,71.2,0.191
111.8,105,6.8,87.8,0.364,0.175,0.55,0.495,13.1,31.8,0.285,0.475,13.7,72.2,0.257
111.5,105.8,5.7,95.8,0.206,0.293,0.568,0.537,12.2,22.1,0.166,0.49,13.2,72.1,0.2
105.9,101.6,4.3,86.3,0.339,0.258,0.537,0.496,13.9,25.8,0.241,0.469,14.7,72,0.237
108.7,104.5,4.2,91.6,0.363,0.227,0.556,0.517,13.9,26.7,0.254,0.477,12.4,76.4,0.251
108.4,105.7,2.7,90.9,0.329,0.24,0.539,0.495,13.1,28.8,0.245,0.486,13.4,73.6,0.242
107.8,105.4,2.4,89.8,0.362,0.228,0.538,0.492,13.3,28.4,0.263,0.49,12.8,75.7,0.226
105.3,103.6,1.7,91.7,0.332,0.131,0.54,0.487,13.8,25.4,0.263,0.471,12.2,75.9,0.24
104.5,102.4,2.1,89.7,0.344,0.245,0.533,0.487,14.8,27.1,0.254,0.464,13,72.6,0.232
106.7,105,1.7,91.9,0.334,0.217,0.544,0.492,13.9,25.4,0.262,0.488,13.7,72.2,0.21
109.3,107.3,2,92.3,0.375,0.209,0.538,0.484,12.8,29.5,0.284,0.504,15.1,70.9,0.256
103.9,102.4,1.5,89.8,0.346,0.229,0.528,0.478,13.3,24,0.262,0.476,14,76.3,0.266
104,103.4,0.6,92.9,0.292,0.219,0.527,0.487,13.9,26.3,0.216,0.464,13.9,74.7,0.295
105.5,105.2,0.3,93.9,0.347,0.161,0.535,0.488,13.7,26.8,0.258,0.493,14.7,72,0.227
106.3,107.4,-1.1,91.2,0.322,0.203,0.535,0.492,13.8,27.3,0.238,0.504,13.8,74.6,0.262
104.8,106.2,-1.4,93.3,0.323,0.27,0.521,0.479,13,26.9,0.232,0.492,14.1,71.6,0.243
106.3,107.5,-1.2,88.3,0.369,0.129,0.543,0.496,14.7,28.5,0.27,0.49,13,72.5,0.264
101.6,103.3,-1.7,88,0.317,0.226,0.519,0.471,14.3,25.5,0.24,0.472,13.1,74.6,0.247
105.2,106.9,-1.7,92.2,0.349,0.204,0.551,0.504,15.7,25.5,0.263,0.49,13.8,72.8,0.282
102.4,104.5,-2.1,88.8,0.299,0.149,0.524,0.48,14.2,25.2,0.226,0.475,13.4,71.3,0.236
106,108.1,-2.1,92.7,0.356,0.158,0.538,0.487,13.3,25.6,0.27,0.5,14.3,71.3,0.24
104.1,107,-2.9,87.8,0.397,0.149,0.519,0.467,15,32.4,0.286,0.49,14,73.2,0.303
103.7,106.8,-3.1,89,0.339,0.138,0.515,0.464,12.9,26.9,0.257,0.502,14.3,73.4,0.243
111.1,114.4,-3.3,91.6,0.314,0.243,0.551,0.504,13.7,30.4,0.246,0.527,13.6,69,0.26
109.5,112.7,-3.2,91.1,0.315,0.244,0.548,0.5,12.4,25.4,0.249,0.53,13.5,73.3,0.263
102.5,106.7,-4.2,93.4,0.319,0.184,0.509,0.464,13,27.1,0.233,0.514,16.5,70.7,0.263
106.4,111.6,-5.2,90.4,0.34,0.178,0.534,0.486,14.7,31.4,0.255,0.513,14.1,69.5,0.275
104,111,-7,90.8,0.417,0.142,0.534,0.481,16.5,31.2,0.303,0.511,13.4,72.8,0.294
101.1,111.9,-10.8,87.6,0.31,0.166,0.511,0.474,14.5,26.6,0.214,0.507,12.6,68.2,0.231
107.5,98.8,8.7,88.9,0.329,0.216,0.534,0.492,13.2,29.1,0.238,0.452,14.7,73.6,0.236
114.5,107.1,7.4,95.9,0.296,0.289,0.571,0.534,12.4,27.5,0.222,0.478,12,68.3,0.176
110.3,104.1,6.2,92.7,0.346,0.19,0.545,0.492,12.5,28.6,0.273,0.472,14.3,70.2,0.239
110.2,103.1,7.1,90.8,0.387,0.198,0.559,0.524,13.1,27,0.26,0.46,12.4,74.1,0.242
106.2,101.7,4.5,88.8,0.309,0.237,0.534,0.486,13.5,26.3,0.242,0.459,12.9,74.5,0.245
105.6,101.2,4.4,87.2,0.335,0.164,0.519,0.472,13.3,31.2,0.247,0.461,13.5,73,0.207
105.5,102.9,2.6,88.5,0.323,0.237,0.535,0.489,14.3,27.1,0.243,0.466,15.4,69.9,0.27
112.2,109.6,2.6,87.9,0.328,0.281,0.546,0.495,13,32.4,0.259,0.496,12.9,71.3,0.249
110.5,108.2,2.3,93,0.287,0.2,0.541,0.496,12,28.8,0.226,0.493,13.3,69,0.214
106,103.9,2.1,93.5,0.35,0.142,0.535,0.483,13.8,28.4,0.267,0.482,15.1,71.7,0.247
108.2,106.6,1.6,89.1,0.275,0.173,0.534,0.489,12.7,28.6,0.219,0.472,11.2,71.4,0.208
101.4,100.3,1.1,92.4,0.311,0.217,0.517,0.471,15.5,28.4,0.233,0.454,14.4,72.6,0.262
105.5,104.6,0.9,87.2,0.358,0.255,0.534,0.476,14.1,26.4,0.283,0.472,13.6,71.3,0.261
107.5,106.6,0.9,93.3,0.357,0.192,0.551,0.501,14.7,27.2,0.273,0.481,14.2,70.1,0.274
106.6,105.7,0.9,89.7,0.325,0.135,0.518,0.47,13,32.5,0.244,0.485,14.1,71.5,0.248
105.5,106.4,-0.9,89.1,0.357,0.105,0.533,0.477,14.9,30.3,0.278,0.48,13,71.3,0.235
107.2,107.5,-0.3,93.3,0.364,0.22,0.523,0.474,12.9,31.1,0.264,0.498,14.6,70,0.23
103.5,104.3,-0.8,94.9,0.326,0.216,0.528,0.475,14.2,25.4,0.257,0.485,15.4,72.7,0.267
104.7,106.9,-2.2,93.3,0.278,0.252,0.512,0.475,12.3,27.8,0.201,0.491,13.9,69.7,0.227
106.9,108.7,-1.8,92.7,0.316,0.253,0.539,0.492,12.5,23.7,0.244,0.499,13.4,71.1,0.24
101.4,103.1,-1.7,89.1,0.318,0.187,0.512,0.463,13.7,25.5,0.242,0.479,15.2,73.2,0.278
108.1,111.4,-3.3,90.8,0.322,0.273,0.535,0.485,13.4,29.5,0.251,0.493,11,71.1,0.218
104.9,107.3,-2.4,94.7,0.35,0.137,0.529,0.478,14.6,29.9,0.265,0.484,13.2,71.3,0.255
106.2,108.9,-2.7,90.7,0.312,0.188,0.531,0.485,13.8,28.3,0.239,0.501,13.8,71.2,0.265
106.6,109.8,-3.2,90.8,0.339,0.141,0.527,0.475,13,29,0.261,0.499,12.4,72,0.233
103.2,107.7,-4.5,89.8,0.303,0.181,0.524,0.484,15.2,29.6,0.219,0.479,12.6,67.7,0.204
104.7,109.5,-4.8,88.4,0.361,0.121,0.522,0.469,15,31.9,0.273,0.499,14.2,72.3,0.34
101.1,107.5,-6.4,92.3,0.306,0.128,0.497,0.455,13.3,29.5,0.217,0.497,14.7,70.9,0.269
99.7,107.7,-8,87.6,0.279,0.201,0.493,0.446,14.2,29.1,0.214,0.491,13.9,70.7,0.261
100.6,111.1,-10.5,91.4,0.299,0.146,0.504,0.464,14.9,30.7,0.212,0.513,14,72.1,0.289
102.2,94.1,8.1,89.2,0.322,0.177,0.511,0.473,14.1,29.5,0.219,0.433,14.8,74.6,0.215
105.9,99.7,6.2,89,0.265,0.137,0.528,0.486,12.4,26.7,0.207,0.444,12.9,72.5,0.215
110.3,104.9,5.4,92.8,0.305,0.223,0.554,0.507,13,26,0.242,0.483,13.7,69.8,0.193
102,95.4,6.6,87.9,0.328,0.153,0.511,0.461,14.7,30.1,0.247,0.441,15.5,71.8,0.202
103.8,97.2,6.6,87.5,0.319,0.203,0.52,0.471,14.1,28.5,0.243,0.459,15.7,73.9,0.218
112.1,107.4,4.7,93.2,0.256,0.201,0.536,0.495,11.1,31.4,0.204,0.498,13.9,71.6,0.214
105.5,101.3,4.2,92.3,0.352,0.167,0.522,0.481,12.8,28.1,0.244,0.471,14.3,73.3,0.222
104.8,102.2,2.6,91.4,0.322,0.197,0.522,0.479,13.9,29.5,0.234,0.465,15.7,68.4,0.251
100.9,99,1.9,87.8,0.286,0.227,0.528,0.484,16.4,26.5,0.221,0.447,13.1,74.5,0.233
100.8,98,2.8,89.4,0.291,0.176,0.515,0.471,14.4,25.9,0.219,0.46,15.7,73.9,0.221
103.9,102.7,1.2,93.3,0.319,0.146,0.517,0.467,14.2,30.5,0.245,0.481,15.6,69.3,0.221
106.5,105.4,1.1,91.6,0.33,0.172,0.528,0.477,12.7,27.6,0.255,0.485,13.3,71.8,0.213
107.3,108,-0.7,89.9,0.27,0.294,0.54,0.501,13.9,27.2,0.207,0.487,13.9,68.5,0.237
103,103.8,-0.8,89.8,0.311,0.197,0.517,0.475,14.1,28.4,0.226,0.476,13.3,72.1,0.211
102.2,101.7,0.5,88,0.298,0.211,0.51,0.463,13.5,27.4,0.227,0.463,14.5,73.4,0.26
101.9,103.3,-1.4,86.6,0.356,0.127,0.509,0.456,16.1,34.1,0.266,0.468,15.4,72.4,0.319
103.7,105.1,-1.4,86.2,0.267,0.17,0.515,0.478,14.4,31.2,0.195,0.482,13.3,70,0.186
102.3,102.4,-0.1,89.1,0.293,0.252,0.505,0.46,14.1,30.6,0.22,0.476,15,71.3,0.218
101.7,103.3,-1.6,89.5,0.266,0.171,0.518,0.474,15.1,28,0.211,0.461,13.2,72.8,0.259
102.1,103.7,-1.6,93.2,0.327,0.249,0.532,0.486,15.4,25.2,0.245,0.479,15.7,69.5,0.24
101.4,105.5,-4.1,92.6,0.28,0.18,0.515,0.475,14.3,26.6,0.209,0.482,14.7,69.9,0.24
99.1,101.9,-2.8,88,0.321,0.158,0.505,0.456,15.5,28.2,0.242,0.467,14.7,70.7,0.231
101.4,104.2,-2.8,90.8,0.301,0.116,0.498,0.451,13.7,31.1,0.226,0.469,12.3,73,0.221
97,100.4,-3.4,86.8,0.26,0.204,0.495,0.454,14.1,23.8,0.195,0.449,14.1,70.1,0.241
103.5,108.5,-5,91,0.35,0.156,0.512,0.453,15,32.8,0.275,0.494,12.9,70,0.231
101,106.1,-5.1,90.8,0.303,0.191,0.514,0.465,15.4,28.6,0.235,0.476,13.1,70.5,0.234
98.8,104.8,-6,92.2,0.337,0.194,0.5,0.454,16,30.7,0.241,0.486,14.9,69.5,0.214
96.6,103.4,-6.8,92.2,0.272,0.186,0.486,0.446,14.9,28.1,0.197,0.469,14.1,71.4,0.253
102.7,110.4,-7.7,90.8,0.296,0.184,0.504,0.461,12.8,28.1,0.218,0.502,12.7,68.7,0.214
110.7,102.3,8.4,92.5,0.257,0.239,0.543,0.498,10.9,25.4,0.213,0.473,14.8,70.9,0.221
105.9,99.1,6.8,95.4,0.262,0.184,0.535,0.499,13.3,25.6,0.196,0.446,13.6,70.6,0.204
105.6,99.7,5.9,90,0.348,0.202,0.541,0.497,15.1,28.8,0.253,0.453,14.2,71.3,0.199
103.8,98.1,5.7,91.6,0.333,0.158,0.518,0.468,13.8,28.7,0.252,0.46,15.7,73.1,0.225
104.1,99.9,4.2,86.8,0.322,0.237,0.523,0.473,13.3,25.9,0.248,0.461,13.9,74,0.225
105.5,102.6,2.9,89.4,0.3,0.177,0.531,0.489,14.5,30.2,0.223,0.483,14.9,72.3,0.194
104.6,100.8,3.8,91.6,0.344,0.169,0.522,0.469,13.7,29,0.263,0.458,14.3,72.3,0.228
105.5,102.8,2.7,89.3,0.38,0.104,0.537,0.486,16,32.5,0.283,0.468,15.2,70.2,0.256
107.2,104.7,2.5,92.5,0.311,0.199,0.528,0.486,13.3,30.2,0.228,0.477,13.4,72.7,0.241
106.1,103.8,2.3,91.9,0.268,0.118,0.528,0.488,12.9,28.2,0.206,0.472,12.7,72.9,0.203
104.3,102.6,1.7,88.8,0.316,0.196,0.522,0.474,14.8,30.3,0.243,0.462,12.6,72.4,0.209
105,102.5,2.5,91.4,0.339,0.119,0.52,0.466,13.7,30.3,0.263,0.488,16.2,72.7,0.243
103.7,102.5,1.2,91.5,0.285,0.17,0.514,0.473,13.7,29.7,0.211,0.47,14.8,70.3,0.222
103.9,101.6,2.3,89.4,0.285,0.161,0.511,0.465,13.9,31.7,0.219,0.464,14,73.1,0.226
103.7,103.9,-0.2,88,0.27,0.196,0.512,0.472,12.8,28.1,0.201,0.484,14.3,71.8,0.21
108.8,108.6,0.2,90.4,0.287,0.229,0.543,0.5,12.2,25.6,0.222,0.494,13.5,69.9,0.237
105.2,105,0.2,93.1,0.307,0.235,0.526,0.478,13.3,27,0.239,0.486,15.1,71.1,0.25
108.3,109.5,-1.2,94.2,0.343,0.178,0.526,0.472,13.9,35,0.267,0.482,12.2,67.9,0.22
101.2,101.6,-0.4,90.9,0.306,0.331,0.514,0.47,13.4,23.6,0.227,0.471,15.1,72.5,0.242
103,104.1,-1.1,88.2,0.325,0.127,0.513,0.46,13,27.3,0.253,0.477,13.8,71.6,0.212
104.7,106.2,-1.5,90.7,0.241,0.235,0.528,0.486,13.4,24.4,0.196,0.485,13.7,71.8,0.261
103.9,107.3,-3.4,92.7,0.287,0.19,0.526,0.487,14.2,27,0.212,0.491,13.4,68.7,0.197
102.3,106.8,-4.5,91.3,0.335,0.182,0.516,0.467,14.8,29.1,0.252,0.481,13.1,70.2,0.222
102.3,106.1,-3.8,91,0.313,0.177,0.527,0.476,15.7,27.9,0.248,0.469,12.1,70.4,0.222
96.7,102.4,-5.7,87.8,0.259,0.169,0.483,0.439,13.8,26.8,0.198,0.47,14.1,73.9,0.257
100.2,105.6,-5.4,93.5,0.3,0.148,0.512,0.471,15.4,27.7,0.217,0.47,13.3,69.5,0.263
100.5,107,-6.5,89.9,0.282,0.179,0.497,0.458,13.6,28.2,0.203,0.489,13.1,70.7,0.226
92.2,101.3,-9.1,91,0.283,0.126,0.469,0.428,17.1,31.3,0.198,0.477,16.5,73.3,0.29
96.5,106.7,-10.2,94,0.298,0.133,0.491,0.444,16.4,31,0.223,0.484,13,73.2,0.252
109,101.1,7.9,95.6,0.308,0.166,0.539,0.497,12.4,27.9,0.231,0.467,13.6,71.7,0.185
109.4,101.7,7.7,92.1,0.313,0.21,0.534,0.498,11.8,28.8,0.218,0.453,13,72,0.233
106.5,99.7,6.8,90,0.353,0.19,0.539,0.492,13.8,27.2,0.262,0.453,13.7,71.9,0.189
112.2,107.7,4.5,92.8,0.288,0.237,0.553,0.507,11.3,26.1,0.232,0.485,12.9,70.7,0.239
104,99.5,4.5,91.8,0.28,0.175,0.515,0.476,13.4,29.2,0.206,0.459,14.9,71.6,0.213
109,105.3,3.7,90.5,0.255,0.152,0.532,0.49,12.5,31.3,0.203,0.482,12.7,73.7,0.218
108.9,105.6,3.3,89,0.25,0.193,0.54,0.505,13.2,29.4,0.189,0.485,14.5,68.1,0.206
107.4,104,3.4,89.3,0.285,0.198,0.528,0.485,13.5,31.8,0.218,0.489,14.2,73.3,0.202
103.4,101,2.4,92.5,0.291,0.289,0.52,0.476,12.8,24.1,0.223,0.464,15.1,72.9,0.245
104.8,102.4,2.4,90,0.31,0.24,0.54,0.497,14.3,24.4,0.235,0.474,14.8,70.5,0.206
102.1,100.3,1.8,88.9,0.327,0.111,0.507,0.452,14.6,31.7,0.255,0.46,14.2,72.1,0.208
107,105.3,1.7,93.2,0.278,0.241,0.533,0.493,12.6,26.3,0.21,0.486,14.4,69.2,0.215
105.6,104.6,1,90.3,0.381,0.132,0.529,0.472,15.4,33.5,0.291,0.484,15.9,71.7,0.286
104.3,103.3,1,89.7,0.32,0.151,0.513,0.466,13.3,30.6,0.238,0.465,13.3,72.2,0.226
104.1,103.8,0.3,91.9,0.328,0.182,0.527,0.477,14.2,27,0.253,0.469,13.2,71,0.227
105.5,106,-0.5,90.1,0.304,0.172,0.519,0.476,13.8,31.3,0.225,0.477,12.1,69.9,0.194
103.3,104,-0.7,91.4,0.235,0.158,0.51,0.472,13.6,30.1,0.18,0.476,14.4,70.2,0.227
106.9,107.1,-0.2,90.2,0.269,0.241,0.544,0.507,13.6,25.6,0.201,0.477,12,70.9,0.217
102.6,103.1,-0.5,88.8,0.255,0.165,0.501,0.463,13.6,31.4,0.189,0.471,14.7,70.1,0.237
104.8,106.4,-1.6,88.3,0.28,0.118,0.508,0.464,12.5,30.7,0.214,0.484,13,71.4,0.214
98.5,100.2,-1.7,87.4,0.268,0.141,0.501,0.463,14.6,26.6,0.194,0.455,13.6,74,0.249
104.6,108.2,-3.6,90.3,0.301,0.156,0.524,0.477,13.8,28.9,0.232,0.493,12.3,72.8,0.226
101.5,105.9,-4.4,89.7,0.274,0.206,0.514,0.468,14,25.6,0.216,0.479,12.9,71.9,0.236
103.1,108.6,-5.5,88.2,0.286,0.223,0.507,0.465,13.4,29,0.211,0.491,11.5,69.8,0.178
101.8,106.4,-4.6,91.9,0.294,0.181,0.517,0.471,14.6,27.5,0.225,0.495,14.1,70.9,0.218
102.8,108.5,-5.7,94.5,0.335,0.142,0.499,0.452,14.7,35.3,0.242,0.488,12.9,69.4,0.232
101.4,107.8,-6.4,90.4,0.256,0.187,0.495,0.455,13.6,30.6,0.19,0.492,13.6,69.9,0.245
98.2,106.3,-8.1,91.1,0.288,0.168,0.501,0.462,15.4,27.8,0.204,0.486,13.7,68,0.197
98.2,107.6,-9.4,90.5,0.302,0.134,0.499,0.456,14.6,26.6,0.218,0.497,13.7,71.4,0.239
106.6,98,8.6,89.6,0.374,0.175,0.541,0.496,13.6,27.1,0.267,0.444,12.9,73.7,0.182
105.6,99.6,6,94.4,0.298,0.194,0.529,0.484,13.4,27.2,0.23,0.46,14.5,70.7,0.181
107.6,102.4,5.2,89.8,0.363,0.135,0.546,0.497,15.1,30.2,0.273,0.473,15.6,73.2,0.301
107.1,102.6,4.5,93.2,0.291,0.202,0.544,0.498,13.1,24.1,0.231,0.467,14.2,70.7,0.244
106.5,101.8,4.7,89.1,0.296,0.165,0.539,0.497,14.8,30,0.225,0.47,14.3,72.4,0.223
108.4,104.8,3.6,91.7,0.349,0.191,0.535,0.498,13.3,31.1,0.238,0.468,12.2,72.5,0.234
103.6,98.9,4.7,90.6,0.351,0.124,0.518,0.468,14.7,31.2,0.262,0.46,14.5,72.5,0.186
108.8,104.6,4.2,92.1,0.276,0.218,0.542,0.499,12.8,28.1,0.217,0.473,14.4,71.1,0.253
106.7,104.2,2.5,90.4,0.321,0.217,0.538,0.492,14,27.5,0.244,0.475,12.6,71.9,0.206
100.3,98,2.3,93.1,0.292,0.156,0.506,0.46,14.1,27.3,0.221,0.46,16.3,73.7,0.252
101.2,98.2,3,86.7,0.279,0.18,0.523,0.476,14.6,24.2,0.222,0.453,14.7,74.3,0.24
105.2,103.7,1.5,91.8,0.253,0.131,0.523,0.482,13,28.6,0.199,0.478,14.2,71.9,0.238
101.1,98.5,2.6,87.1,0.299,0.221,0.515,0.469,13.7,24.3,0.227,0.46,15.3,72.7,0.214
105.9,103.4,2.5,90.9,0.285,0.167,0.51,0.468,12.1,30.8,0.213,0.476,13.3,73.2,0.212
101.8,99.5,2.3,89.4,0.33,0.151,0.506,0.457,13.7,29.8,0.246,0.456,14.1,74.5,0.222
105.6,105.6,0,91.6,0.299,0.176,0.53,0.491,14.3,29.1,0.219,0.488,13.9,69.8,0.199
103.2,102.1,1.1,93.2,0.301,0.196,0.513,0.474,13.8,29.1,0.215,0.464,15.6,69.8,0.29
102,102.2,-0.2,89.4,0.312,0.18,0.519,0.471,14.5,27,0.239,0.452,12.8,71.4,0.235
103.7,106.3,-2.6,92.6,0.286,0.21,0.511,0.47,12.8,28.3,0.211,0.476,12.1,71.8,0.223
100,101.8,-1.8,94.7,0.325,0.162,0.498,0.453,14.2,29.3,0.234,0.466,14,72.2,0.233
101.3,104.5,-3.2,89.6,0.319,0.164,0.514,0.476,14.9,28.3,0.221,0.466,12,71.1,0.217
101.4,103.7,-2.3,92.6,0.338,0.252,0.521,0.473,14.7,25.3,0.25,0.493,16,72.7,0.256
100.3,104.9,-4.6,91.2,0.312,0.101,0.509,0.459,15.4,29.7,0.239,0.477,14.1,71.1,0.248
99.6,105.8,-6.2,91.7,0.289,0.145,0.51,0.464,14.9,26.1,0.223,0.491,13.8,69.8,0.194
100,105.5,-5.5,91.8,0.328,0.165,0.504,0.452,13.9,25.7,0.249,0.488,14.9,70,0.258
98.7,104.3,-5.6,91.9,0.272,0.14,0.5,0.456,15.5,28.9,0.206,0.472,13.8,70.8,0.249
100.6,107.8,-7.2,92.7,0.348,0.131,0.514,0.46,15.7,29.7,0.264,0.503,14.1,71.8,0.236
97.8,107.4,-9.6,94.1,0.282,0.134,0.47,0.429,13.9,33.3,0.199,0.504,15,69.7,0.227
97.2,107.3,-10.1,89.3,0.298,0.148,0.495,0.45,15.1,26.6,0.22,0.499,14.3,70.3,0.254
107.3,98.2,9.1,93.3,0.346,0.153,0.525,0.484,12.7,30.6,0.241,0.443,13.4,73.1,0.222
107.9,100.8,7.1,89.9,0.316,0.175,0.546,0.501,14.5,30.3,0.24,0.461,13.8,72.4,0.217
105,98.6,6.4,90.8,0.346,0.138,0.535,0.488,14.3,27.8,0.258,0.451,13.5,73,0.188
104.6,99,5.6,94,0.286,0.184,0.532,0.491,15.2,29.3,0.217,0.454,15.7,70.5,0.245
107.3,102.3,5,89.6,0.337,0.134,0.54,0.49,14.3,29.5,0.26,0.477,15,73.2,0.256
108.5,103.6,4.9,93.1,0.302,0.224,0.552,0.503,13.3,24.9,0.245,0.469,12.6,71.5,0.197
105,102.1,2.9,99.3,0.277,0.227,0.526,0.486,13.9,27.7,0.209,0.479,15.1,69.7,0.198
104.5,101,3.5,89.7,0.283,0.186,0.533,0.495,14.5,28.2,0.208,0.453,13.3,72.9,0.229
106.1,103.4,2.7,91.8,0.256,0.104,0.525,0.485,12.9,29.4,0.2,0.474,14,73,0.25
104.3,101.4,2.9,93.9,0.376,0.153,0.53,0.475,13.7,25.7,0.285,0.478,14.6,73.2,0.198
102.5,100.9,1.6,89.2,0.283,0.147,0.527,0.482,14.4,24.7,0.221,0.455,13.6,73.1,0.251
105.6,104.6,1,93.4,0.282,0.232,0.52,0.487,12.9,28.5,0.196,0.483,14,69.6,0.193
107.3,105.8,1.5,95.7,0.378,0.184,0.548,0.492,14.3,26.8,0.295,0.499,15.4,71.6,0.249
101.5,100,1.5,92.7,0.329,0.095,0.501,0.457,14.2,31.4,0.233,0.466,16.2,69.9,0.229
102.4,101.7,0.7,97.3,0.305,0.124,0.516,0.473,15.4,31.6,0.224,0.476,15.9,69.9,0.226
108.2,107.9,0.3,92.7,0.29,0.157,0.539,0.494,13.8,30,0.228,0.496,14.6,69.6,0.254
106.6,107.2,-0.6,94.9,0.248,0.188,0.532,0.49,12.6,25.5,0.2,0.488,14.2,66.1,0.21
104.7,104.9,-0.2,92.5,0.3,0.17,0.511,0.464,12.7,30.1,0.23,0.48,14.2,71.8,0.247
104.8,105.7,-0.9,94.2,0.322,0.244,0.536,0.494,15.8,29.1,0.236,0.481,12.5,71.6,0.201
104.8,105.6,-0.8,94.6,0.316,0.183,0.52,0.474,13.8,30.4,0.236,0.498,15.8,73.8,0.306
105.1,106.3,-1.2,92.5,0.297,0.2,0.517,0.468,12.6,28.1,0.233,0.491,15.2,67.2,0.223
103.5,105.8,-2.3,94.7,0.306,0.202,0.517,0.476,14,29.2,0.222,0.479,13,71.6,0.235
103.5,107,-3.5,92.7,0.315,0.133,0.521,0.476,14.8,30.6,0.234,0.489,13.9,71.7,0.273
100.4,104,-3.6,95.7,0.327,0.136,0.516,0.468,15.6,28.1,0.245,0.474,15.1,71.2,0.275
102.3,108.5,-6.2,91,0.32,0.139,0.524,0.474,15.8,30.1,0.247,0.502,14.1,70.6,0.231
102,107.9,-5.9,91.7,0.292,0.12,0.503,0.46,14.1,31.7,0.217,0.481,11.3,71,0.196
99.8,108.4,-8.6,95.4,0.301,0.15,0.484,0.444,13.9,32.6,0.21,0.499,14.6,69.1,0.259
94.2,104.6,-10.4,89.4,0.338,0.167,0.49,0.443,18,29.9,0.24,0.484,14.5,69.9,0.24
97.8,110.1,-12.3,93.9,0.27,0.188,0.499,0.458,14.9,26.1,0.202,0.507,13.1,69.6,0.22
107.7,99.8,7.9,89,0.295,0.141,0.516,0.473,13.3,35.7,0.219,0.457,14.7,70.6,0.22
111.9,103.7,8.2,93.6,0.42,0.216,0.559,0.519,14,31.6,0.285,0.467,14.1,68.8,0.245
111.6,103.6,8,89.8,0.327,0.243,0.558,0.521,13.4,28.7,0.236,0.478,15.9,66.1,0.223
108.4,101.6,6.8,87.9,0.343,0.165,0.55,0.502,14,27.9,0.262,0.453,14.4,67.8,0.236
112.7,105.4,7.3,89.2,0.433,0.11,0.569,0.51,14.8,32.3,0.334,0.471,13.5,71,0.271
107.6,102,5.6,87.9,0.329,0.244,0.538,0.494,14.5,31.5,0.243,0.452,14.2,69.6,0.257
107.4,101.8,5.6,91.4,0.29,0.18,0.54,0.5,14,29.7,0.217,0.471,15.3,70,0.227
108.2,104.3,3.9,87.7,0.364,0.16,0.533,0.481,14.1,33.9,0.275,0.468,13,69.1,0.194
103.8,99.4,4.4,88.4,0.35,0.139,0.531,0.493,15.6,30.6,0.241,0.437,12.2,72.2,0.218
102.2,99.1,3.1,89.9,0.352,0.129,0.529,0.478,16.5,30,0.266,0.46,16.8,71.1,0.264
103,100.3,2.7,88.2,0.283,0.178,0.521,0.476,14.7,29.5,0.218,0.455,14.7,74,0.282
107.5,105.3,2.2,89.4,0.345,0.142,0.542,0.495,14.6,30.4,0.259,0.493,14.6,70.8,0.224
105.3,103.5,1.8,88.2,0.359,0.147,0.523,0.472,14,30.9,0.267,0.474,14.8,70.2,0.243
108.3,106.6,1.7,91,0.339,0.135,0.513,0.463,12.9,36.7,0.253,0.499,16.7,66.4,0.258
105.2,104.5,0.7,91.8,0.317,0.139,0.513,0.476,13,31.2,0.219,0.481,15.1,69.5,0.248
104,102.4,1.6,90,0.348,0.164,0.524,0.476,15.8,33,0.256,0.46,13.4,71.4,0.249
107.8,107.1,0.7,92.6,0.329,0.128,0.529,0.483,12.7,30.6,0.244,0.48,13.5,68.5,0.24
102.6,103.8,-1.2,87.1,0.331,0.141,0.499,0.452,14.5,34.2,0.24,0.478,14.8,66.9,0.202
107.7,108.6,-0.9,91,0.326,0.256,0.544,0.496,14.8,29.8,0.251,0.499,13.3,69.3,0.208
103.5,105.6,-2.1,90.2,0.339,0.11,0.527,0.475,15.8,31.4,0.26,0.485,15.5,69.1,0.282
102.8,105.4,-2.6,90.4,0.367,0.126,0.514,0.462,15.4,32.5,0.271,0.481,15.1,67.3,0.256
102.6,105.4,-2.8,93.3,0.283,0.18,0.504,0.464,14.6,32.8,0.206,0.504,19,66.8,0.343
100.8,106.9,-6.1,92.1,0.314,0.121,0.502,0.464,14.3,30.2,0.215,0.482,14,66.6,0.23
100.5,107.2,-6.7,89.9,0.257,0.175,0.498,0.458,13.6,27.6,0.194,0.488,14,65.1,0.195
104.1,112,-7.9,92.1,0.327,0.137,0.527,0.482,15.8,31.5,0.242,0.507,13,66.9,0.24
103.3,111.2,-7.9,92.4,0.306,0.219,0.518,0.477,14.8,29.6,0.221,0.498,12.9,66.1,0.243
101.2,111,-9.8,92.6,0.302,0.159,0.504,0.462,15.1,32.1,0.217,0.508,14.9,62.9,0.235
95.8,105.7,-9.9,91.4,0.278,0.101,0.468,0.427,15.1,33.7,0.197,0.469,13,68.6,0.247
99,112.1,-13.1,89.7,0.335,0.139,0.496,0.44,15.1,30.2,0.259,0.506,14.3,66.3,0.285
114.4,102.4,12,90,0.267,0.203,0.547,0.511,12.5,35.9,0.199,0.471,14.8,69.3,0.196
113.6,104,9.6,90,0.389,0.145,0.581,0.53,14.7,29.7,0.299,0.48,15.5,71.6,0.29
111.2,102.7,8.5,90.3,0.358,0.247,0.557,0.51,14.2,30.9,0.269,0.49,17.7,69.1,0.242
106.8,100.6,6.2,88.2,0.324,0.299,0.546,0.507,15.5,29.2,0.233,0.465,15.6,70.6,0.248
108.5,102.3,6.2,86.8,0.31,0.291,0.542,0.498,14.6,31.5,0.236,0.472,15,69.2,0.191
110.6,104.4,6.2,84.5,0.327,0.246,0.554,0.512,13,27.5,0.244,0.487,14.6,70.4,0.197
108.8,104,4.8,91.6,0.307,0.284,0.56,0.52,15.6,28.4,0.232,0.481,13.3,71.4,0.19
108.3,103.7,4.6,91.1,0.351,0.226,0.535,0.496,13.7,31.6,0.243,0.478,15.1,68.5,0.231
107.9,103.3,4.6,90.9,0.35,0.217,0.544,0.503,15.4,32.5,0.249,0.471,14.3,72.4,0.268
104.4,101,3.4,90.5,0.34,0.208,0.546,0.501,17,30.5,0.255,0.463,15.4,73.4,0.279
104.6,102.4,2.2,82.9,0.297,0.215,0.531,0.493,15,29.4,0.215,0.482,16.8,71.9,0.281
110.9,108.9,2,88.6,0.313,0.218,0.562,0.518,14.3,28.7,0.243,0.496,13.3,68.1,0.204
106.6,104.9,1.7,92.4,0.296,0.15,0.54,0.505,14.6,30.2,0.21,0.491,15.3,70.3,0.226
105.8,104.7,1.1,89,0.374,0.181,0.537,0.49,15.5,31.3,0.27,0.48,15,70.4,0.258
109.3,108.6,0.7,93.2,0.317,0.213,0.552,0.508,13.4,27.1,0.241,0.507,14.4,69.4,0.215
105.6,106,-0.4,88.3,0.304,0.256,0.524,0.481,14.5,30.9,0.227,0.495,15.3,67.3,0.211
106.2,108.3,-2.1,89.5,0.334,0.146,0.541,0.496,15.1,29.7,0.248,0.501,14.1,69.9,0.253
105.5,107.1,-1.6,90.7,0.339,0.17,0.533,0.485,14.4,28.8,0.254,0.486,14.6,68.3,0.252
104.6,108,-3.4,90.6,0.303,0.245,0.521,0.481,15.2,32.5,0.218,0.504,15.3,68.6,0.258
105.1,107.6,-2.5,91.3,0.31,0.2,0.524,0.482,14.7,30.8,0.227,0.499,15.5,68.1,0.269
105,108.7,-3.7,91,0.313,0.16,0.526,0.485,15,32,0.226,0.495,14.3,68.5,0.264
104.7,109.7,-5,92.4,0.286,0.193,0.499,0.456,13.9,36.4,0.212,0.503,14.1,69,0.244
107.2,112.2,-5,91.9,0.332,0.208,0.543,0.493,15.8,32.3,0.258,0.518,14.4,67.5,0.234
104.6,111.4,-6.8,95.3,0.358,0.198,0.518,0.47,15.3,34.1,0.259,0.51,13.8,66.5,0.222
104.5,111.2,-6.7,92.4,0.298,0.256,0.53,0.486,15.2,28.8,0.227,0.501,11.8,69.3,0.206
101.1,108.2,-7.1,89,0.297,0.204,0.509,0.469,15.4,30,0.213,0.5,14.9,67.3,0.229
103.9,111.4,-7.5,95.8,0.316,0.191,0.52,0.474,14.5,29.4,0.237,0.539,15.8,68.5,0.243
103.3,112.3,-9,87.3,0.302,0.185,0.512,0.472,14.7,32.4,0.217,0.514,14,67,0.236
100.3,111.8,-11.5,88.4,0.269,0.197,0.507,0.471,15.3,29.7,0.191,0.51,14.4,64.1,0.224
115.2,101.8,13.4,91.1,0.291,0.196,0.555,0.517,13.1,36.9,0.217,0.482,16.1,71.1,0.222
110.3,102.1,8.2,93.8,0.379,0.249,0.574,0.526,16.2,29.7,0.288,0.479,16.7,69.5,0.252
113.3,106.1,7.2,90,0.359,0.158,0.566,0.517,14.1,31.6,0.276,0.489,15.1,71.7,0.295
110.2,103.5,6.7,93.3,0.342,0.2,0.558,0.516,13.6,27.5,0.252,0.472,13.9,70,0.216
112.9,106.9,6,91.8,0.336,0.248,0.562,0.529,13.2,29,0.232,0.491,14,68.8,0.223
111.4,106.6,4.8,92.4,0.306,0.203,0.555,0.515,13.3,30.1,0.228,0.491,14.9,66.8,0.205
110.8,107.2,3.6,89.3,0.389,0.157,0.56,0.509,15.5,33,0.294,0.491,14.7,69.3,0.271
109.9,106.7,3.2,82.3,0.296,0.264,0.551,0.51,13.7,28.6,0.226,0.506,16.3,70.2,0.242
107.9,105.1,2.8,87.7,0.36,0.221,0.551,0.504,14.6,28,0.271,0.483,13.7,71.7,0.229
106,103.5,2.5,91,0.306,0.201,0.55,0.509,14.9,25.5,0.232,0.476,14.8,71.1,0.251
106,103.5,2.5,92.6,0.347,0.203,0.528,0.494,15.2,33.4,0.23,0.478,13.5,73.4,0.236
109.3,107.4,1.9,93.2,0.317,0.265,0.555,0.512,14.1,26.9,0.243,0.495,13.6,68.6,0.206
105.3,103.8,1.5,91.1,0.345,0.23,0.541,0.501,16,30.1,0.245,0.469,14.8,71.8,0.298
109.4,108,1.4,89.6,0.302,0.239,0.534,0.49,14,34,0.229,0.512,16.3,67.1,0.217
108.7,107.6,1.1,93.7,0.314,0.183,0.558,0.521,15,28.2,0.228,0.489,15,67.8,0.274
110.3,110,0.3,93.2,0.37,0.147,0.551,0.498,13.5,29.8,0.286,0.511,13.3,71.4,0.225
111.2,111.8,-0.6,91.6,0.32,0.23,0.558,0.514,14.1,29.5,0.246,0.529,13.9,70.3,0.217
108.4,109.9,-1.5,93.4,0.349,0.179,0.539,0.489,14.8,33.9,0.265,0.51,15.2,67.2,0.232
105.2,108.1,-2.9,92.2,0.326,0.172,0.526,0.481,14.2,30.7,0.242,0.492,12.8,72.7,0.237
106.2,109.1,-2.9,93.4,0.371,0.184,0.54,0.493,16,32.5,0.271,0.498,15.1,69,0.302
106.4,109.9,-3.5,96.2,0.329,0.209,0.534,0.494,14.1,28.8,0.235,0.511,14.3,70,0.258
106.5,110.3,-3.8,93.2,0.3,0.208,0.544,0.511,15.3,29.3,0.21,0.512,15.2,67.9,0.282
101.9,106.5,-4.6,90.9,0.332,0.111,0.497,0.445,15.1,36.4,0.248,0.495,14.5,70.9,0.223
106.1,111.2,-5.1,95.4,0.266,0.274,0.507,0.47,13.3,34.1,0.192,0.526,14.7,68.6,0.222
105.6,111.5,-5.9,90.2,0.295,0.163,0.534,0.495,15,29.7,0.218,0.52,14.1,68.4,0.248
104.1,109.8,-5.7,93.5,0.357,0.132,0.535,0.48,16,29.8,0.277,0.509,15,68.7,0.267
103.8,111.8,-8,93.2,0.296,0.177,0.536,0.499,17.2,32,0.214,0.514,14.7,66.8,0.272
102.2,113,-10.8,92.2,0.353,0.224,0.522,0.474,16,29.4,0.259,0.522,14.4,65,0.217
97.6,108.5,-10.9,91,0.308,0.174,0.5,0.456,15.5,27.3,0.223,0.51,16.1,66.3,0.241
114.8,106.3,8.5,95.5,0.38,0.194,0.575,0.527,14.1,32.6,0.288,0.492,16.1,68.7,0.278
114.3,105.7,8.6,92.6,0.392,0.126,0.587,0.535,14.8,29.1,0.306,0.496,15.5,72.5,0.292
115.1,107.8,7.3,95.1,0.357,0.205,0.569,0.539,14,34,0.239,0.49,13.3,68.4,0.22
111.7,105.4,6.3,94.6,0.372,0.173,0.562,0.516,13.8,30.9,0.275,0.485,13,72.3,0.214
109.5,104.3,5.2,92,0.308,0.177,0.546,0.509,14.5,32.9,0.224,0.488,16.7,68.2,0.263
114.5,110.4,4.1,95.9,0.338,0.227,0.567,0.524,12.7,29.7,0.255,0.515,14,69.8,0.228
109.7,105.7,4,93.8,0.313,0.177,0.521,0.483,13,37.1,0.218,0.491,14.8,73.5,0.277
109.6,105.6,4,90,0.383,0.158,0.557,0.507,15.5,32.8,0.287,0.493,15.8,68.6,0.237
109.6,106.1,3.5,91.2,0.317,0.219,0.562,0.517,14.3,26,0.247,0.485,13.8,68.5,0.202
107.2,103.8,3.4,91.2,0.331,0.226,0.55,0.508,15.1,28.6,0.243,0.468,14.4,70.8,0.281
109.7,107.4,2.3,94.2,0.31,0.267,0.568,0.529,15,26.9,0.232,0.489,13.9,67.7,0.199
106.6,105.2,1.4,89.8,0.292,0.237,0.525,0.487,13.9,31.6,0.211,0.495,15.6,68.4,0.215
109.1,108.2,0.9,91.5,0.357,0.18,0.556,0.511,15.6,32,0.263,0.487,13.2,70.2,0.257
105.3,104.6,0.7,84.8,0.317,0.165,0.52,0.472,14.2,31.8,0.241,0.493,15,72.4,0.224
109.1,109.4,-0.3,95.2,0.292,0.21,0.539,0.5,13.4,31.3,0.215,0.5,14.8,64.4,0.224
105.5,106.5,-1,92.3,0.359,0.16,0.538,0.496,16.2,32.1,0.255,0.481,15,67,0.28
108.2,109.9,-1.7,92.9,0.317,0.175,0.54,0.499,14.4,31.7,0.233,0.51,14.9,68.7,0.264
108.6,110.6,-2,94,0.331,0.144,0.537,0.491,14.3,33.1,0.249,0.512,13.6,68.6,0.235
107.6,110.6,-3,94.7,0.301,0.163,0.509,0.466,13.9,38.9,0.221,0.519,13.7,69.8,0.208
105.2,108.6,-3.4,92.3,0.342,0.192,0.519,0.467,14.4,33.3,0.26,0.493,12.4,70.9,0.217
106.2,110.9,-4.7,92.7,0.343,0.205,0.537,0.496,15.5,31.3,0.244,0.53,15.3,68.3,0.23
106.7,112.2,-5.5,97.9,0.348,0.233,0.547,0.508,15.9,30.3,0.245,0.522,13.9,66.5,0.216
104.1,109.7,-5.6,91,0.323,0.142,0.521,0.475,15.3,32.3,0.238,0.5,14.6,66.1,0.235
105.4,111.3,-5.9,94.5,0.292,0.183,0.529,0.492,14.3,29.3,0.211,0.512,14.9,66.7,0.262
105.1,112.9,-7.8,93.2,0.293,0.21,0.538,0.499,15,28.3,0.217,0.51,14.2,65.8,0.299
102.6,112.4,-9.8,91.4,0.379,0.163,0.532,0.475,16.2,27.7,0.293,0.51,14.8,64.1,0.28
101.5,111.1,-9.6,94.3,0.302,0.153,0.508,0.468,14.6,29.6,0.214,0.526,16.6,65.7,0.29
111.1,101.5,9.6,95.1,0.344,0.105,0.547,0.501,13.7,34.4,0.256,0.479,18.2,67.3,0.272
105.7,98.2,7.5,92.8,0.311,0.135,0.527,0.483,15.1,34.4,0.232,0.451,16,71.4,0.261
110.4,104.6,5.8,90.1,0.322,0.107,0.537,0.494,13.6,35.6,0.239,0.467,11.7,70.5,0.196
107.2,101.7,5.5,94.2,0.294,0.118,0.523,0.48,13.6,34.6,0.221,0.475,16,67.7,0.185
111.7,106.8,4.9,96.7,0.325,0.147,0.548,0.509,13.9,35.2,0.236,0.493,13.5,69.3,0.202
105.9,101.4,4.5,95,0.294,0.191,0.545,0.507,15,27.6,0.218,0.458,13.3,69.7,0.192
108.6,104.1,4.5,93.1,0.354,0.083,0.537,0.49,13.3,31.3,0.262,0.469,14.6,68.4,0.267
110.8,106.7,4.1,95.2,0.341,0.165,0.547,0.514,14.4,33.8,0.231,0.479,13.3,66.3,0.214
109.4,105.1,4.3,91.7,0.335,0.121,0.537,0.487,12.8,31.8,0.258,0.484,14.5,69,0.215
107.8,104.2,3.6,93.3,0.366,0.077,0.547,0.5,16,34.4,0.27,0.471,14.9,68,0.267
106.1,102.7,3.4,91.9,0.273,0.097,0.526,0.493,14.6,33.8,0.192,0.482,15.3,70.8,0.225
108.1,105.5,2.6,98.8,0.323,0.104,0.518,0.472,12.5,34.4,0.24,0.49,14.8,70.8,0.235
109.5,106.7,2.8,93.8,0.322,0.145,0.538,0.488,14.3,35.3,0.253,0.479,14.5,69.1,0.284
107.2,104.9,2.3,95.5,0.351,0.096,0.515,0.461,12.7,34,0.267,0.475,13.5,69.1,0.212
108.3,106.5,1.8,99.1,0.322,0.12,0.542,0.512,14.9,32.9,0.214,0.488,14.7,64.4,0.21
103.9,102.3,1.6,96.1,0.357,0.088,0.524,0.478,15.3,32.2,0.256,0.453,13.4,69.6,0.252
108.4,108.6,-0.2,97.5,0.301,0.129,0.543,0.5,13.6,29.2,0.23,0.492,13.2,67,0.205
104.8,109.3,-4.5,95.5,0.269,0.11,0.503,0.466,12.8,33.2,0.193,0.492,14.3,63.2,0.24
104.2,108.7,-4.5,95.6,0.284,0.068,0.521,0.482,13.5,29.3,0.207,0.494,13.7,67.8,0.238
102.9,108.6,-5.7,99.6,0.297,0.116,0.521,0.484,15.4,30.4,0.211,0.494,14,64.1,0.213
103.3,109.2,-5.9,97.5,0.326,0.104,0.516,0.471,14.2,30.4,0.239,0.499,14.2,66.4,0.252
102.5,109.3,-6.8,94.5,0.32,0.15,0.512,0.471,14.7,31.1,0.225,0.513,15.7,66.5,0.254
101.9,109.2,-7.3,94.7,0.352,0.085,0.525,0.471,16.4,30.1,0.272,0.488,12.8,68,0.259
104.5,112.2,-7.7,95.9,0.317,0.109,0.529,0.484,15.3,31.2,0.237,0.526,14,66.2,0.206
101.7,109.7,-8,95.7,0.31,0.138,0.518,0.478,15,28,0.221,0.502,12.8,66.6,0.177
102.7,110.9,-8.2,94.2,0.244,0.148,0.511,0.477,13.7,28.4,0.179,0.493,12.8,66.1,0.262
100.4,109.6,-9.2,94.5,0.275,0.109,0.492,0.449,15,33.7,0.205,0.513,15.8,66.1,0.283
112.3,104.9,7.4,96,0.316,0.085,0.546,0.502,13.5,35.5,0.241,0.489,16.4,67.7,0.26
112.7,106,6.7,94.8,0.308,0.108,0.565,0.518,12.5,28.1,0.247,0.482,13.1,69.1,0.185
113.3,106.7,6.6,99.8,0.358,0.154,0.566,0.521,14.2,33,0.27,0.496,13.9,69.2,0.206
112.9,106.1,6.8,92.5,0.271,0.093,0.535,0.499,12,36.3,0.199,0.493,15.4,68.7,0.239
106.1,99.7,6.4,94.5,0.336,0.088,0.526,0.479,14.1,33.1,0.249,0.444,14.9,72.1,0.294
109.6,105.2,4.4,94.4,0.31,0.159,0.557,0.515,14.5,30,0.235,0.474,13.4,68.5,0.201
108.3,105.2,3.1,99.1,0.347,0.115,0.526,0.476,12.6,32.7,0.259,0.488,14.8,71,0.237
109.6,106.8,2.8,95.4,0.347,0.102,0.555,0.507,13.6,27.8,0.265,0.477,12.3,70.1,0.221
111.9,110.1,1.8,96,0.342,0.112,0.547,0.498,13.5,34.2,0.262,0.485,12.7,67.4,0.281
109.6,107.4,2.2,96.5,0.365,0.061,0.55,0.498,13.8,31,0.279,0.487,13.9,68.7,0.25
108.5,107.1,1.4,96.3,0.372,0.133,0.554,0.509,15.5,31.4,0.271,0.473,11.9,68.8,0.232
106.5,105.2,1.3,96,0.319,0.069,0.522,0.473,14.4,35.5,0.244,0.48,14.1,69.5,0.24
108.7,107.8,0.9,94.9,0.27,0.054,0.536,0.495,12.9,31.2,0.21,0.479,12.9,69,0.251
107.4,107.1,0.3,99.1,0.297,0.067,0.53,0.493,13.9,32.7,0.213,0.489,15.1,66.7,0.263
109.5,109.7,-0.2,100.2,0.329,0.074,0.547,0.499,13.8,31.3,0.254,0.487,12.6,65,0.201
109.3,110.2,-0.9,97.6,0.305,0.148,0.534,0.493,14,34.8,0.227,0.516,14.6,68.5,0.224
107.7,108.9,-1.2,94.6,0.361,0.137,0.535,0.481,13.9,31.9,0.279,0.495,14.2,69.8,0.274
109.2,110.2,-1,99.5,0.342,0.118,0.543,0.502,14.9,34.2,0.245,0.501,14,67,0.261
107.4,108.9,-1.5,93.2,0.271,0.126,0.511,0.473,12.5,34.6,0.198,0.5,13.5,67.8,0.212
107.6,108.9,-1.3,96.2,0.329,0.09,0.534,0.486,13.7,31.4,0.249,0.5,14.3,66.4,0.215
104.6,106.3,-1.7,99.8,0.324,0.062,0.518,0.47,14.5,33.6,0.245,0.476,13.9,68.9,0.263
106.5,109.6,-3.1,100.8,0.337,0.108,0.53,0.481,14.1,30.7,0.257,0.502,15.1,66.7,0.292
106.2,110.1,-3.9,96.1,0.301,0.135,0.535,0.495,14.8,30.5,0.223,0.502,15.7,62.5,0.266
104.6,110.4,-5.8,98.5,0.319,0.133,0.53,0.479,14.4,28.1,0.251,0.504,13.3,65.9,0.188
103.6,110.8,-7.2,97.7,0.298,0.082,0.523,0.48,14.2,28.8,0.223,0.51,13.6,67.1,0.219
103.6,111.8,-8.2,93.8,0.344,0.087,0.535,0.479,15.9,28.7,0.275,0.503,13.5,66.3,0.269
99.5,114.7,-15.2,99.5,0.299,0.115,0.495,0.455,15.1,31.1,0.21,0.519,13.5,68.1,0.347
115.5,104.5,11,94.4,0.297,0.063,0.556,0.518,11.8,35.1,0.221,0.476,14.1,69.3,0.219
111.4,104.2,7.2,99,0.335,0.128,0.541,0.495,13.6,35.6,0.253,0.471,14.3,69.9,0.251
112.2,105.6,6.6,95.5,0.363,0.067,0.557,0.504,13.7,32.7,0.286,0.475,13,68.9,0.214
112.1,106.2,5.9,99.4,0.332,0.083,0.556,0.508,13.1,31.7,0.258,0.471,13,67.7,0.223
113.9,108.2,5.7,95,0.322,0.101,0.557,0.506,11.8,30.5,0.259,0.483,12.3,66.5,0.174
113.6,109.9,3.7,103.4,0.351,0.103,0.568,0.524,13.6,31.8,0.262,0.499,14.9,64.2,0.256
108.3,104.2,4.1,92.9,0.295,0.089,0.531,0.491,13.7,34.6,0.216,0.471,14,71.1,0.248
110.8,107,3.8,95.8,0.266,0.05,0.544,0.5,12.7,31.9,0.215,0.469,11.9,68.7,0.22
107.5,104.1,3.4,96.2,0.317,0.057,0.528,0.485,13.9,34.2,0.233,0.469,13.5,69.8,0.224
107.5,105.3,2.2,91.6,0.307,0.077,0.52,0.477,13.5,34.9,0.228,0.468,12.5,68.5,0.204
110.7,108.8,1.9,95.4,0.317,0.091,0.538,0.489,14,36.5,0.249,0.491,14.2,66.8,0.269
111.7,109.9,1.8,99,0.334,0.133,0.566,0.518,14.7,31.8,0.264,0.483,12.8,67.4,0.27
105.8,104.7,1.1,96.5,0.314,0.071,0.524,0.483,13.6,31.6,0.226,0.475,14.9,67.5,0.244
107.7,108.9,-1.2,92.5,0.327,0.064,0.516,0.465,12,32.7,0.25,0.493,13.8,64,0.187
107.3,108.9,-1.6,97.8,0.277,0.09,0.519,0.481,13,33.6,0.203,0.497,13.2,68.3,0.209
108.3,109.7,-1.4,93.7,0.335,0.101,0.539,0.488,13.8,30.9,0.26,0.496,13,66.4,0.192
108.8,110.6,-1.8,95.5,0.292,0.139,0.529,0.486,14.2,35.9,0.221,0.514,15.3,65,0.237
107,108.7,-1.7,98,0.265,0.088,0.51,0.473,14.1,39.1,0.194,0.488,14.1,66.3,0.247
106.2,108,-1.8,95.1,0.293,0.139,0.537,0.499,15,30.9,0.216,0.477,12.5,66.4,0.209
107.1,110.9,-3.8,101.7,0.286,0.049,0.527,0.485,13,31.1,0.216,0.51,14.1,65.4,0.222
106.7,110.9,-4.2,97.7,0.33,0.106,0.532,0.479,14.6,33,0.26,0.508,13.9,67.6,0.235
103.9,108.4,-4.5,97.7,0.268,0.074,0.514,0.471,13.3,28.9,0.208,0.493,14,66.2,0.235
103.9,109.9,-6,99.6,0.301,0.094,0.525,0.482,14.3,28.5,0.225,0.493,13.9,64.2,0.233
103.5,110.5,-7,98,0.319,0.086,0.514,0.467,14.6,32.4,0.238,0.502,13.5,67.8,0.26
105,112.4,-7.4,95.1,0.253,0.054,0.505,0.467,12.4,31.5,0.188,0.497,13,62.3,0.244
103,111.1,-8.1,94.4,0.281,0.112,0.501,0.458,13.1,31.2,0.211,0.483,11.5,67.8,0.259
100.7,108.6,-7.9,98.6,0.28,0.057,0.493,0.451,14.9,34.8,0.207,0.494,14.7,68,0.279
114.6,105.2,9.4,95.6,0.296,0.06,0.56,0.521,12.8,34.7,0.225,0.488,15.3,68.8,0.226
112.8,104.3,8.5,100.5,0.344,0.123,0.554,0.509,13.4,33.8,0.259,0.473,14.4,70.4,0.25
112.1,105,7.1,94.1,0.327,0.108,0.551,0.5,13.2,33,0.261,0.474,12.8,68.3,0.176
112.6,106.1,6.5,101,0.372,0.06,0.558,0.506,13.5,33,0.287,0.474,13.1,68.5,0.227
112.6,106.7,5.9,98.5,0.277,0.048,0.565,0.52,14,33,0.228,0.465,11.7,69.3,0.217
107.8,103.3,4.5,98.6,0.352,0.043,0.544,0.494,15.2,33.3,0.269,0.463,13.2,70.3,0.228
107.4,103.9,3.5,98.5,0.302,0.136,0.53,0.489,14.5,34.4,0.224,0.469,14.7,66.9,0.22
108.6,105.1,3.5,95.3,0.378,0.07,0.559,0.503,14.6,27.6,0.298,0.473,13.7,69.2,0.23
108.2,104.6,3.6,91.9,0.322,0.064,0.523,0.474,13.1,34.7,0.245,0.464,12.8,71,0.248
109.7,107.2,2.5,96.1,0.323,0.108,0.55,0.499,14.3,31.8,0.258,0.5,16.4,66.1,0.259
111.9,110.3,1.6,103.6,0.376,0.109,0.559,0.504,13.7,31,0.294,0.497,15.2,64.1,0.289
109.7,108.5,1.2,96.2,0.301,0.06,0.542,0.501,14.8,36.3,0.226,0.503,16,66.3,0.277
110.9,110.1,0.8,98.6,0.352,0.116,0.54,0.482,12.9,33.1,0.282,0.509,13.7,69.1,0.22
111.7,112.1,-0.4,99.4,0.354,0.107,0.566,0.511,14.4,30.6,0.287,0.503,13.1,66.4,0.254
107.9,108.1,-0.2,95.7,0.342,0.089,0.542,0.489,13.4,28.1,0.27,0.489,12.5,68.3,0.187
107.1,107.3,-0.2,95,0.315,0.082,0.544,0.498,15.1,31.1,0.242,0.489,13.4,68.5,0.205
106.1,108.7,-2.6,95.1,0.317,0.07,0.534,0.487,14.1,29.7,0.243,0.497,13.3,68,0.206
103,106.5,-3.5,99.9,0.311,0.059,0.511,0.471,14.7,33.3,0.218,0.481,13.7,69.2,0.266
106.7,110.9,-4.2,92.3,0.286,0.052,0.499,0.456,11.5,34.9,0.21,0.502,13.8,65.9,0.248
105.9,109.9,-4,99.5,0.337,0.104,0.521,0.473,14.3,33,0.251,0.493,12.8,68.9,0.26
105.5,110.3,-4.8,94.2,0.288,0.087,0.528,0.485,13.3,28.3,0.219,0.495,12.6,67.9,0.245
102.9,107.4,-4.5,99.3,0.301,0.079,0.5,0.455,14.4,35.7,0.222,0.478,14.9,64.6,0.267
103,108.1,-5.1,97.5,0.279,0.039,0.509,0.47,14.3,32.2,0.203,0.478,13.1,66,0.242
105,110.4,-5.4,97.3,0.315,0.059,0.526,0.477,13.9,29,0.245,0.504,15,65.7,0.272
102,108.1,-6.1,99.3,0.323,0.065,0.512,0.469,16,34.3,0.231,0.491,15.3,66.2,0.286
102,109.1,-7.1,94.7,0.309,0.085,0.512,0.468,14.1,28.8,0.226,0.481,14.3,65.6,0.306
105.2,114.7,-9.5,113.7,0.255,0.119,0.498,0.457,11.9,33.1,0.195,0.524,14.1,67.1,0.299
113.1,106.2,6.9,100.7,0.38,0.076,0.565,0.509,13.3,31.1,0.302,0.478,12.8,68.8,0.209
114,107,7,96.3,0.345,0.12,0.562,0.512,13.2,32.8,0.271,0.479,12.8,68.5,0.219
110.5,104.4,6.1,102.3,0.362,0.075,0.535,0.486,13.4,36.5,0.269,0.479,15.2,70.8,0.265
109.9,103.5,6.4,94.4,0.323,0.078,0.537,0.49,13.4,34.2,0.245,0.461,13.7,70.3,0.262
110.3,105.4,4.9,96.1,0.377,0.096,0.57,0.522,15.5,30.1,0.284,0.468,13.4,69.5,0.268
113.5,108.4,5.1,96.5,0.357,0.077,0.556,0.502,12.9,32,0.281,0.495,13.3,68.4,0.223
107.7,104.2,3.5,98.5,0.362,0.032,0.537,0.488,14.7,34.2,0.27,0.477,15,68.7,0.235
112,107.9,4.1,98.2,0.301,0.057,0.557,0.506,13.4,31.5,0.251,0.477,10.8,72.1,0.223
112.3,109,3.3,96.7,0.302,0.094,0.559,0.516,13.4,31.9,0.235,0.508,15.2,68.1,0.262
104.8,103.4,1.4,101.2,0.313,0.068,0.531,0.491,15.5,33.1,0.225,0.475,14.7,69.2,0.228
108,106.7,1.3,105.4,0.275,0.084,0.523,0.478,11.2,29.1,0.217,0.501,15.2,71.3,0.264
110.9,109.8,1.1,95.3,0.299,0.09,0.535,0.494,14,37.5,0.222,0.499,14.3,69.1,0.297
109.4,108,1.4,98.2,0.331,0.1,0.547,0.501,14.8,34.2,0.25,0.482,13.3,66,0.215
113,111.9,1.1,95.8,0.362,0.059,0.547,0.496,13.5,36.3,0.277,0.509,14,65.5,0.254
107.2,107.2,0,94.5,0.331,0.071,0.536,0.487,13.6,30.3,0.254,0.481,13.4,67.9,0.232
111.5,111.4,0.1,97,0.343,0.113,0.572,0.518,14.6,29,0.28,0.494,12.6,67.1,0.25
106.9,107.2,-0.3,95,0.315,0.122,0.529,0.485,13.5,31.5,0.235,0.49,14,67.7,0.202
107.3,108.1,-0.8,98,0.318,0.094,0.533,0.488,13.9,31.5,0.241,0.492,15.8,66,0.29
107.5,109.7,-2.2,99.4,0.276,0.026,0.519,0.477,12.4,32.4,0.211,0.484,12.4,67.2,0.249
109.6,112.6,-3,105.9,0.397,0.104,0.563,0.501,14.3,26.1,0.321,0.494,13.6,61.5,0.253
104,107.4,-3.4,99.2,0.359,0.034,0.536,0.488,16.3,30.9,0.265,0.489,14.3,67.3,0.241
103.6,108.2,-4.6,91.1,0.311,0.043,0.499,0.451,13.3,34,0.232,0.492,15.5,66.2,0.291
104.8,110,-5.2,96.7,0.278,0.092,0.527,0.484,13.5,27.3,0.215,0.484,12.5,67.3,0.255
102,109.9,-7.9,98.1,0.274,0.085,0.511,0.47,13.2,26.1,0.207,0.506,14.7,67.5,0.269
100.7,108.6,-7.9,99.3,0.317,0.068,0.486,0.435,13.9,34.5,0.237,0.495,14.9,67,0.272
105.8,114.3,-8.5,104.1,0.362,0.052,0.521,0.467,13.9,33.7,0.274,0.511,12.1,67.8,0.245
99.3,108.9,-9.6,101,0.276,0.041,0.501,0.467,15.9,33.5,0.19,0.499,15.2,67.3,0.292
110.6,102.9,7.7,98,0.353,0.069,0.559,0.514,14.2,31.2,0.264,0.473,15,67.1,0.185
113.1,105.7,7.4,104.5,0.344,0.064,0.56,0.509,12.8,30.8,0.272,0.476,13.5,67.7,0.225
113.8,106.7,7.1,100.1,0.351,0.093,0.57,0.518,14,33,0.282,0.482,13,68.9,0.205
110.8,104.7,6.1,95.5,0.346,0.058,0.551,0.502,14.4,34.5,0.266,0.458,13.2,69.2,0.26
112.2,107.2,5,98.3,0.375,0.055,0.54,0.48,13.5,37.1,0.3,0.482,15.4,64.7,0.256
110.1,106.4,3.7,98.6,0.332,0.079,0.544,0.487,13.7,32.7,0.273,0.493,16.1,67.5,0.266
106.6,101.5,5.1,98,0.416,0.058,0.55,0.491,16.4,32,0.32,0.447,13.9,68.1,0.246
111.1,107.5,3.6,104.4,0.311,0.151,0.553,0.512,15.4,36.2,0.234,0.504,16.7,65.1,0.249
111.5,108.6,2.9,100.1,0.318,0.104,0.539,0.496,14.1,38.3,0.237,0.498,16,65.3,0.271
109.1,107.7,1.4,97,0.302,0.076,0.553,0.507,14.4,30.7,0.238,0.487,13.5,69.5,0.239
113,111.5,1.5,98.5,0.348,0.09,0.552,0.5,12.8,32.2,0.274,0.513,13.4,67.2,0.215
110.8,109.6,1.2,98.1,0.329,0.043,0.548,0.498,14,34.7,0.258,0.493,12.7,70,0.248
109.4,108,1.4,103.9,0.31,0.083,0.53,0.488,13.9,36.7,0.23,0.501,15.7,67.4,0.264
108.6,107.1,1.5,107.5,0.284,0.083,0.528,0.482,11.8,29.6,0.224,0.505,15.6,68.9,0.264
105.7,104.8,0.9,101.8,0.351,0.073,0.535,0.486,15.9,33.3,0.265,0.481,14.9,69,0.248
107.4,107.7,-0.3,107.3,0.299,0.079,0.529,0.48,14.2,33.4,0.239,0.479,14.6,64.1,0.24
106.4,108.5,-2.1,100.8,0.305,0.032,0.516,0.467,13,33.1,0.236,0.493,14.2,67.5,0.267
107.4,108.6,-1.2,95.9,0.327,0.098,0.536,0.484,13.5,29.5,0.258,0.48,12.5,66.1,0.215
106.8,111,-4.2,99.2,0.328,0.089,0.552,0.502,16.3,31.5,0.258,0.478,12.4,66,0.275
104.5,110,-5.5,100.5,0.286,0.112,0.523,0.478,14.2,30.5,0.22,0.496,13.2,67.7,0.235
103,109.3,-6.3,100.1,0.313,0.079,0.517,0.474,15,32.7,0.229,0.508,14.4,70.1,0.244
100.9,107.9,-7,104.1,0.319,0.04,0.512,0.472,16.8,34.5,0.223,0.5,17.2,63.5,0.294
103.7,112.1,-8.4,100.3,0.277,0.058,0.514,0.47,13.7,30.3,0.213,0.508,14.7,64.9,0.287
100.8,110.2,-9.4,104.4,0.299,0.032,0.518,0.478,16.5,31.2,0.216,0.497,14.1,64,0.237
97.8,109,-11.2,99.1,0.296,0.042,0.498,0.459,17.7,35.6,0.208,0.499,16,65,0.292
115.4,109.4,6,97.9,0.333,0.102,0.588,0.541,14.1,29.8,0.267,0.489,12.5,68.5,0.237
110.5,105.3,5.2,98.3,0.372,0.029,0.548,0.497,14.2,34.2,0.282,0.475,14,68.5,0.245
113.1,107.3,5.8,99.1,0.35,0.068,0.566,0.515,13.9,32.3,0.276,0.484,13,67.9,0.206
111.3,107.6,3.7,96.4,0.344,0.04,0.541,0.491,13,34.3,0.264,0.481,14.2,67.3,0.28
109,105.5,3.5,95.5,0.317,0.035,0.539,0.494,13.6,34,0.24,0.478,13.5,70.6,0.24
112.2,107.7,4.5,97,0.349,0.073,0.54,0.485,13.2,37.5,0.275,0.481,13,67.5,0.203
111.8,107.4,4.4,103.6,0.362,0.051,0.55,0.499,13.5,34.3,0.279,0.485,14.5,68.4,0.275
110.1,106.3,3.8,105.5,0.288,0.071,0.534,0.486,11.7,29.7,0.231,0.498,16,67.4,0.26
106.8,103.1,3.7,101.5,0.339,0.057,0.546,0.5,15.4,30.4,0.254,0.459,14.9,66.7,0.262
110.2,108.1,2.1,100.2,0.328,0.086,0.536,0.491,13.9,36.3,0.245,0.495,15.9,67.2,0.33
106.8,106,0.8,97.3,0.361,0.05,0.547,0.5,15.5,31,0.268,0.485,15.2,66.4,0.227
108.2,107.6,0.6,97.6,0.334,0.058,0.536,0.485,13.6,31.8,0.259,0.483,14.2,66.6,0.259
107.1,105.7,1.4,101.8,0.338,0.04,0.529,0.476,13.9,33.1,0.263,0.473,14.2,66.7,0.243
105.9,106.4,-0.5,99.1,0.319,0.078,0.525,0.477,15.5,36,0.242,0.486,17,65.5,0.324
106.5,107.2,-0.7,98.1,0.346,0.019,0.524,0.47,14.4,34.2,0.267,0.487,14.4,65.2,0.231
106.6,107.4,-0.8,98,0.277,0.068,0.535,0.492,14.1,30.1,0.216,0.481,13.5,67.9,0.263
108.8,110.3,-1.5,96,0.403,0.069,0.543,0.485,15.2,35.4,0.308,0.506,13.8,67.5,0.232
107,111.4,-4.4,101.2,0.301,0.049,0.538,0.494,14.6,31.5,0.23,0.507,13.4,68.3,0.265
108.2,112.8,-4.6,104.4,0.319,0.055,0.54,0.499,14.1,32,0.234,0.512,14,64.4,0.242
106.5,112.1,-5.6,100.9,0.317,0.061,0.53,0.481,14.8,33.7,0.245,0.506,12.3,68.1,0.237
101.4,109.6,-8.2,98.6,0.337,0.066,0.523,0.478,16,30.4,0.245,0.506,15.2,68.6,0.274
104.7,112.9,-8.2,101.6,0.298,0.042,0.524,0.474,14.3,31.2,0.237,0.511,14.4,65.1,0.283
97.4,107.6,-10.2,100.8,0.32,0.044,0.494,0.449,15.7,30.9,0.229,0.486,14.8,65.4,0.244
115.6,106.5,9.1,101.6,0.352,0.062,0.577,0.528,14,34.1,0.278,0.476,13.8,66.3,0.23
112.6,105.2,7.4,97.4,0.373,0.06,0.543,0.49,13.3,37.2,0.283,0.46,13.9,67.4,0.284
113.5,106.8,6.7,98.6,0.305,0.08,0.577,0.532,14,29,0.247,0.471,12,67.6,0.217
114.9,108.7,6.2,100.5,0.369,0.089,0.558,0.503,12.3,33.8,0.291,0.486,13.5,66.5,0.233
109.5,105.6,3.9,100.3,0.35,0.079,0.539,0.487,13,31.1,0.268,0.479,16,66.1,0.307
109.2,105.8,3.4,101,0.36,0.023,0.544,0.492,14.5,34.7,0.275,0.471,13.3,69.9,0.267
111.5,108.6,2.9,105,0.404,0.047,0.566,0.51,15.3,34.1,0.313,0.493,14.8,66.6,0.265
108.6,107.6,1,95.8,0.315,0.042,0.528,0.478,13.4,35,0.245,0.491,13.8,70,0.251
106.5,105.5,1,99.9,0.324,0.045,0.528,0.483,14.3,33.5,0.24,0.47,14.1,68,0.261
108.3,108.5,-0.2,97.3,0.385,0.05,0.549,0.497,16.1,34.9,0.29,0.499,14.5,65.7,0.215
110.7,110.3,0.4,101.8,0.345,0.077,0.543,0.495,15,37.6,0.261,0.486,13.5,66,0.296
104.1,103.7,0.4,103.2,0.318,0.06,0.516,0.473,14.1,31.2,0.231,0.466,15.7,65.2,0.269
106,106.6,-0.6,98.8,0.296,0.043,0.525,0.478,13.4,30.5,0.232,0.487,14.9,68.8,0.281
105.7,107,-1.3,100.2,0.342,0.029,0.511,0.457,13.3,34.5,0.262,0.48,14.6,63.4,0.222
109.3,110.2,-0.9,106.2,0.323,0.049,0.527,0.478,11.8,32.2,0.248,0.503,15.4,67,0.307
108.9,111.2,-2.3,101.7,0.341,0.049,0.539,0.487,13.7,32.5,0.266,0.503,14.2,65.3,0.272
108,110.3,-2.3,102,0.348,0.035,0.55,0.501,15.3,32.1,0.264,0.502,14.4,65.7,0.265
102.6,106.4,-3.8,101.3,0.359,0.047,0.519,0.476,16.4,34.4,0.25,0.484,14.2,65.9,0.224
108.9,112.1,-3.2,101.3,0.334,0.041,0.535,0.48,14.2,35.2,0.266,0.498,12.4,67.8,0.257
105.6,110.5,-4.9,101.8,0.368,0.063,0.54,0.487,16.4,33.2,0.282,0.488,13.8,68.1,0.33
105.9,110.8,-4.9,101.7,0.307,0.054,0.525,0.482,14.2,34.3,0.228,0.514,14.5,68.1,0.244
104.8,111.1,-6.3,98.5,0.336,0.053,0.528,0.483,15,31.2,0.246,0.497,14.6,61.9,0.27
101.2,112.3,-11.1,102.7,0.343,0.047,0.508,0.457,15,31.8,0.255,0.526,15.5,64.3,0.258
115.4,109.4,6,97.9,0.333,0.102,0.588,0.541,14.1,29.8,0.267,0.489,12.5,68.5,0.237
110.5,105.3,5.2,98.3,0.372,0.029,0.548,0.497,14.2,34.2,0.282,0.475,14,68.5,0.245
113.1,107.3,5.8,99.1,0.35,0.068,0.566,0.515,13.9,32.3,0.276,0.484,13,67.9,0.206
111.3,107.6,3.7,96.4,0.344,0.04,0.541,0.491,13,34.3,0.264,0.481,14.2,67.3,0.28
109,105.5,3.5,95.5,0.317,0.035,0.539,0.494,13.6,34,0.24,0.478,13.5,70.6,0.24
112.2,107.7,4.5,97,0.349,0.073,0.54,0.485,13.2,37.5,0.275,0.481,13,67.5,0.203
111.8,107.4,4.4,103.6,0.362,0.051,0.55,0.499,13.5,34.3,0.279,0.485,14.5,68.4,0.275
110.1,106.3,3.8,105.5,0.288,0.071,0.534,0.486,11.7,29.7,0.231,0.498,16,67.4,0.26
106.8,103.1,3.7,101.5,0.339,0.057,0.546,0.5,15.4,30.4,0.254,0.459,14.9,66.7,0.262
110.2,108.1,2.1,100.2,0.328,0.086,0.536,0.491,13.9,36.3,0.245,0.495,15.9,67.2,0.33
106.8,106,0.8,97.3,0.361,0.05,0.547,0.5,15.5,31,0.268,0.485,15.2,66.4,0.227
108.2,107.6,0.6,97.6,0.334,0.058,0.536,0.485,13.6,31.8,0.259,0.483,14.2,66.6,0.259
107.1,105.7,1.4,101.8,0.338,0.04,0.529,0.476,13.9,33.1,0.263,0.473,14.2,66.7,0.243
105.9,106.4,-0.5,99.1,0.319,0.078,0.525,0.477,15.5,36,0.242,0.486,17,65.5,0.324
106.5,107.2,-0.7,98.1,0.346,0.019,0.524,0.47,14.4,34.2,0.267,0.487,14.4,65.2,0.231
106.6,107.4,-0.8,98,0.277,0.068,0.535,0.492,14.1,30.1,0.216,0.481,13.5,67.9,0.263
108.8,110.3,-1.5,96,0.403,0.069,0.543,0.485,15.2,35.4,0.308,0.506,13.8,67.5,0.232
107,111.4,-4.4,101.2,0.301,0.049,0.538,0.494,14.6,31.5,0.23,0.507,13.4,68.3,0.265
108.2,112.8,-4.6,104.4,0.319,0.055,0.54,0.499,14.1,32,0.234,0.512,14,64.4,0.242
106.5,112.1,-5.6,100.9,0.317,0.061,0.53,0.481,14.8,33.7,0.245,0.506,12.3,68.1,0.237
101.4,109.6,-8.2,98.6,0.337,0.066,0.523,0.478,16,30.4,0.245,0.506,15.2,68.6,0.274
104.7,112.9,-8.2,101.6,0.298,0.042,0.524,0.474,14.3,31.2,0.237,0.511,14.4,65.1,0.283
97.4,107.6,-10.2,100.8,0.32,0.044,0.494,0.449,15.7,30.9,0.229,0.486,14.8,65.4,0.244
115.6,106.5,9.1,101.6,0.352,0.062,0.577,0.528,14,34.1,0.278,0.476,13.8,66.3,0.23
112.6,105.2,7.4,97.4,0.373,0.06,0.543,0.49,13.3,37.2,0.283,0.46,13.9,67.4,0.284
113.5,106.8,6.7,98.6,0.305,0.08,0.577,0.532,14,29,0.247,0.471,12,67.6,0.217
114.9,108.7,6.2,100.5,0.369,0.089,0.558,0.503,12.3,33.8,0.291,0.486,13.5,66.5,0.233
109.5,105.6,3.9,100.3,0.35,0.079,0.539,0.487,13,31.1,0.268,0.479,16,66.1,0.307
109.2,105.8,3.4,101,0.36,0.023,0.544,0.492,14.5,34.7,0.275,0.471,13.3,69.9,0.267
111.5,108.6,2.9,105,0.404,0.047,0.566,0.51,15.3,34.1,0.313,0.493,14.8,66.6,0.265
108.6,107.6,1,95.8,0.315,0.042,0.528,0.478,13.4,35,0.245,0.491,13.8,70,0.251
106.5,105.5,1,99.9,0.324,0.045,0.528,0.483,14.3,33.5,0.24,0.47,14.1,68,0.261
108.3,108.5,-0.2,97.3,0.385,0.05,0.549,0.497,16.1,34.9,0.29,0.499,14.5,65.7,0.215
110.7,110.3,0.4,101.8,0.345,0.077,0.543,0.495,15,37.6,0.261,0.486,13.5,66,0.296
104.1,103.7,0.4,103.2,0.318,0.06,0.516,0.473,14.1,31.2,0.231,0.466,15.7,65.2,0.269
106,106.6,-0.6,98.8,0.296,0.043,0.525,0.478,13.4,30.5,0.232,0.487,14.9,68.8,0.281
105.7,107,-1.3,100.2,0.342,0.029,0.511,0.457,13.3,34.5,0.262,0.48,14.6,63.4,0.222
109.3,110.2,-0.9,106.2,0.323,0.049,0.527,0.478,11.8,32.2,0.248,0.503,15.4,67,0.307
108.9,111.2,-2.3,101.7,0.341,0.049,0.539,0.487,13.7,32.5,0.266,0.503,14.2,65.3,0.272
108,110.3,-2.3,102,0.348,0.035,0.55,0.501,15.3,32.1,0.264,0.502,14.4,65.7,0.265
102.6,106.4,-3.8,101.3,0.359,0.047,0.519,0.476,16.4,34.4,0.25,0.484,14.2,65.9,0.224
108.9,112.1,-3.2,101.3,0.334,0.041,0.535,0.48,14.2,35.2,0.266,0.498,12.4,67.8,0.257
105.6,110.5,-4.9,101.8,0.368,0.063,0.54,0.487,16.4,33.2,0.282,0.488,13.8,68.1,0.33
105.9,110.8,-4.9,101.7,0.307,0.054,0.525,0.482,14.2,34.3,0.228,0.514,14.5,68.1,0.244
104.8,111.1,-6.3,98.5,0.336,0.053,0.528,0.483,15,31.2,0.246,0.497,14.6,61.9,0.27
101.2,112.3,-11.1,102.7,0.343,0.047,0.508,0.457,15,31.8,0.255,0.526,15.5,64.3,0.258
111.8,102.6,9.2,101.2,0.307,0.054,0.564,0.518,14.1,31.3,0.244,0.466,13,71.7,0.216
111.4,102.7,8.7,102.1,0.369,0.052,0.552,0.501,13.9,33.8,0.282,0.473,16.6,67.4,0.281
113.3,105.8,7.5,102.7,0.317,0.056,0.575,0.532,14.9,33.1,0.247,0.484,13.5,69.8,0.239
107.9,105.6,2.3,100,0.385,0.024,0.542,0.493,15.3,34.9,0.282,0.481,15.4,66.7,0.269
108.6,106.3,2.3,100.5,0.398,0.032,0.546,0.49,16.1,37.3,0.302,0.499,15.6,66.7,0.211
110.1,107.6,2.5,103.5,0.317,0.04,0.536,0.496,13.6,35.5,0.232,0.497,14.8,67.2,0.243
109,107.9,1.1,104.2,0.297,0.023,0.534,0.488,13.3,33.5,0.232,0.496,14.9,67.6,0.266
107.1,105.9,1.2,106.7,0.307,0.039,0.527,0.475,13,30.9,0.245,0.495,16.9,64.1,0.266
112.1,111,1.1,102.2,0.364,0.061,0.562,0.51,13.3,30,0.283,0.508,13,66.8,0.201
109.2,108.2,1,104.5,0.384,0.038,0.554,0.501,15.2,32.8,0.294,0.507,16.4,66.3,0.275
105.9,106,-0.1,97.4,0.33,0.042,0.53,0.478,15.1,33.2,0.257,0.492,15.7,68.7,0.282
104.2,104.6,-0.4,103.3,0.38,0.024,0.536,0.49,15.5,29.8,0.272,0.477,15.4,67.2,0.258
103,104.8,-1.8,99.1,0.32,0.057,0.518,0.471,14.2,29.1,0.238,0.472,14.2,66.1,0.224
105,106.9,-1.9,103.3,0.328,0.029,0.536,0.489,15.9,33.3,0.248,0.499,15.5,70.6,0.282
106.5,108.2,-1.7,103.8,0.355,0.028,0.555,0.509,16.5,31.7,0.265,0.499,15.2,67.6,0.26
105.5,108.3,-2.8,101.6,0.321,0.054,0.535,0.49,14.6,30.3,0.241,0.48,13.6,68.5,0.292
102.6,105.9,-3.3,100.9,0.305,0.02,0.525,0.483,15.7,31.5,0.226,0.479,13.7,71.3,0.277
108.6,112.4,-3.8,99.7,0.346,0.044,0.538,0.487,14.7,35.1,0.266,0.509,13.5,67.4,0.28
104.3,107.2,-2.9,104.8,0.384,0.026,0.552,0.506,17.7,31.3,0.279,0.495,15.1,68.3,0.279
106.2,109.2,-3,102,0.324,0.019,0.541,0.492,15.7,32.7,0.252,0.499,14.4,67.5,0.273
108.3,111.6,-3.3,104.2,0.333,0.037,0.536,0.488,13.9,33.5,0.253,0.524,14.9,66.7,0.241
99.5,105.2,-5.7,98.6,0.318,0.034,0.505,0.466,15.2,29.5,0.218,0.484,17.1,65,0.315
105.4,112.1,-6.7,102.7,0.374,0.032,0.534,0.477,15.3,32,0.288,0.512,14,64,0.225
110.5,103.6,6.9,99.7,0.341,0.041,0.545,0.497,14.2,35.4,0.258,0.467,16.1,65.6,0.29
114.1,107,7.1,103.2,0.308,0.041,0.589,0.551,15.7,33.8,0.235,0.485,13.7,67.1,0.22
112.8,106.3,6.5,101.6,0.315,0.042,0.564,0.515,13.8,32.8,0.254,0.481,12.6,70.4,0.198
111.3,107.3,4,100.8,0.412,0.032,0.561,0.497,16,37.4,0.331,0.494,15.7,66.6,0.259
110.4,107.2,3.2,103.5,0.362,0.027,0.554,0.506,14.8,34,0.271,0.497,15.9,64.4,0.232
109.6,107.2,2.4,105,0.283,0.025,0.529,0.483,13,35.4,0.223,0.501,14.9,69.6,0.245
110.7,108.4,2.3,107.6,0.322,0.029,0.54,0.491,13.2,33.6,0.253,0.516,17,66.1,0.275
111.5,109.3,2.2,98.8,0.319,0.061,0.549,0.499,12.5,30.7,0.253,0.51,14.2,68.8,0.221
107.9,106.3,1.6,102.2,0.304,0.025,0.54,0.507,16,37.4,0.213,0.487,15.2,67.4,0.259
107.9,107.7,0.2,101,0.3,0.03,0.532,0.493,13.8,33.9,0.219,0.505,15.6,68.2,0.263
109.9,109,0.9,103.9,0.357,0.028,0.565,0.517,15.6,33.2,0.272,0.501,15,68.5,0.269
104.3,104.6,-0.3,100.3,0.269,0.054,0.524,0.486,13.4,27.5,0.2,0.491,15.3,68.2,0.226
103.3,103.4,-0.1,105.1,0.333,0.042,0.534,0.483,15.8,29,0.257,0.469,15.7,65.3,0.238
108.7,109.6,-0.9,99.4,0.366,0.023,0.556,0.502,15.4,32.2,0.287,0.495,13.8,67.5,0.257
105.9,107.3,-1.4,99.8,0.333,0.033,0.536,0.489,15.3,32.5,0.25,0.485,15.2,63.8,0.249
106,108.7,-2.7,101.9,0.338,0.045,0.526,0.478,14.1,32.9,0.254,0.483,13.7,66.9,0.265
104.7,106.8,-2.1,102.5,0.319,0.043,0.544,0.497,16.3,29.8,0.246,0.498,15,68.3,0.24
109.5,112.1,-2.6,104.4,0.357,0.033,0.559,0.508,15.9,34,0.278,0.514,14.2,66.6,0.262
104.9,109.6,-4.7,99.5,0.331,0.028,0.53,0.487,15.2,31.7,0.24,0.499,16.5,63.3,0.339
105.8,110.3,-4.5,100.9,0.31,0.026,0.543,0.499,16.4,33.8,0.235,0.495,12.7,66.1,0.21
102.8,108.2,-5.4,99.3,0.334,0.027,0.529,0.477,15.9,30,0.257,0.498,14.6,67.3,0.238
102.5,108.4,-5.9,105.1,0.344,0.021,0.527,0.478,16.1,31.7,0.255,0.499,14.3,70.5,0.282
106,113,-7,103.2,0.335,0.053,0.522,0.47,14.4,34.5,0.257,0.54,16.1,66,0.268
110.9,104.4,6.5,99.7,0.333,0.032,0.554,0.504,14.6,34.2,0.264,0.475,13.8,69.7,0.225
107.8,103.6,4.2,96.9,0.338,0.033,0.541,0.497,15,33.7,0.25,0.459,14.7,65.6,0.266
107,103.1,3.9,99,0.367,0.024,0.552,0.499,16.7,33.4,0.284,0.491,17.8,68.1,0.281
111.5,108.1,3.4,103.8,0.322,0.018,0.532,0.482,12.7,36.7,0.25,0.5,14.8,67.7,0.263
110.9,107.3,3.6,103.7,0.313,0.031,0.574,0.536,16.1,33.7,0.236,0.487,14.3,66.6,0.232
111.2,107.7,3.5,101.1,0.367,0.018,0.556,0.507,15.1,36.4,0.277,0.518,17,67.4,0.259
106.8,104.6,2.2,99.6,0.396,0.016,0.551,0.497,16.9,34.6,0.299,0.484,16,65.9,0.246
106.1,105,1.1,103,0.343,0.032,0.54,0.501,16.1,34.6,0.24,0.494,17,67.8,0.292
109,108,1,104.9,0.374,0.044,0.559,0.505,15.2,30.8,0.292,0.479,13.9,63.4,0.229
108.9,108,0.9,101.4,0.305,0.04,0.556,0.514,15.1,31.4,0.232,0.501,15.3,68.3,0.277
110,109.6,0.4,99,0.325,0.025,0.547,0.503,13.6,31.7,0.245,0.503,14.4,65.7,0.232
107.9,108.1,-0.2,99.7,0.347,0.02,0.543,0.49,14.3,30.7,0.271,0.492,13.8,66.6,0.226
111.2,111.4,-0.2,106.5,0.337,0.034,0.556,0.511,14,33.4,0.255,0.508,13.7,66.2,0.233
105.5,106.9,-1.4,95.3,0.355,0.016,0.529,0.476,14.4,31.6,0.27,0.482,15.1,65.2,0.268
111.3,112.3,-1,110.5,0.337,0.032,0.553,0.498,12.8,29.3,0.276,0.522,14.6,66.6,0.277
106.5,108,-1.5,102.9,0.345,0.026,0.542,0.49,15.3,32.4,0.268,0.505,16.1,66.9,0.266
104.2,107.2,-3,97.4,0.319,0.041,0.535,0.489,15.5,30.1,0.241,0.492,13.7,69.7,0.239
105.3,108.2,-2.9,104.7,0.284,0.02,0.535,0.497,15.6,32.8,0.21,0.486,14.1,67.5,0.285
109.2,112.4,-3.2,101.1,0.331,0.017,0.541,0.498,15.3,37.7,0.244,0.513,12.9,68.2,0.236
105.5,108.8,-3.3,103.3,0.342,0.03,0.52,0.471,14.9,35.6,0.254,0.519,17,64.2,0.25
104.1,108.5,-4.4,97.4,0.301,0.023,0.512,0.468,14,33.5,0.224,0.49,13.2,70.8,0.28
101.8,106.5,-4.7,102.1,0.297,0.029,0.531,0.487,15.9,28.1,0.228,0.497,16.2,66.8,0.255
102.4,107.5,-5.1,99.8,0.36,0.017,0.526,0.475,16.3,32.3,0.268,0.497,15.6,67.2,0.266
108.3,100.9,7.4,102.7,0.367,0.015,0.549,0.501,16.3,37.1,0.273,0.464,15.8,66.2,0.217
106.9,101.8,5.1,104,0.311,0.025,0.536,0.494,15.2,34.7,0.229,0.473,16,68.1,0.236
110.5,105.2,5.3,103.8,0.27,0.013,0.561,0.528,15.9,36.3,0.199,0.494,15.5,65.3,0.191
105.1,100.1,5,101.6,0.306,0.022,0.54,0.499,16,32,0.227,0.458,15.9,67.5,0.235
105.8,101.4,4.4,100,0.322,0.024,0.537,0.491,15.1,31.8,0.243,0.459,15.5,65.5,0.228
110.1,106.6,3.5,103.3,0.336,0.042,0.556,0.51,15.1,35.3,0.257,0.489,14.4,69.1,0.228
105.9,102.8,3.1,103.2,0.338,0.019,0.539,0.496,15.5,32.5,0.247,0.464,14.3,66.2,0.21
101.6,98.9,2.7,104,0.322,0.021,0.532,0.494,18.7,36.8,0.227,0.481,18.9,68.8,0.251
102.4,99.9,2.5,97,0.336,0.019,0.526,0.484,16.2,31.6,0.239,0.478,18.1,67.8,0.257
106,103.9,2.1,101,0.353,0.021,0.535,0.488,15.4,33.3,0.26,0.49,16,67.9,0.218
106.2,104.9,1.3,106.6,0.338,0.029,0.542,0.5,16.4,34.3,0.246,0.49,16.8,65.8,0.291
109.7,109.1,0.6,112.1,0.337,0.016,0.55,0.495,14,31,0.272,0.509,15.1,64.8,0.22
99.1,99.3,-0.2,99.4,0.292,0.034,0.511,0.473,16.6,30.4,0.206,0.471,16.2,68.6,0.214
105.4,105.8,-0.4,105.8,0.34,0.036,0.529,0.481,15.1,33.6,0.253,0.496,15.4,66.2,0.214
109.4,109.8,-0.4,102.8,0.326,0.025,0.535,0.489,13.5,34.8,0.245,0.506,14,66.2,0.228
102.2,103.2,-1,98.9,0.295,0.026,0.516,0.472,15,30.7,0.222,0.473,15.2,65.1,0.223
103.9,107.4,-3.5,104,0.293,0.02,0.526,0.485,15.9,33.9,0.216,0.513,16.9,64.6,0.241
101.2,105.1,-3.9,107.3,0.332,0.025,0.531,0.483,16.7,29,0.251,0.481,15.2,63.9,0.208
103.4,108,-4.6,106.1,0.365,0.028,0.532,0.483,16.9,34,0.269,0.498,14.3,67.9,0.237
104.7,109.3,-4.6,103,0.288,0.034,0.518,0.479,15.7,37.1,0.208,0.531,17.6,65.8,0.284
103.8,109.4,-5.6,103.9,0.247,0.031,0.52,0.483,15.2,33.6,0.187,0.52,16.4,65.5,0.249
99.2,106.8,-7.6,97.6,0.283,0.017,0.506,0.467,16.4,33,0.204,0.492,13.8,71.3,0.258
97,108.3,-11.3,102.2,0.26,0.036,0.491,0.453,15.9,30.8,0.188,0.505,15.4,65.4,0.246
109.8,103.5,6.3,101.5,0.335,0.025,0.545,0.502,14.7,35.8,0.248,0.472,14.6,67.6,0.22
109.6,103.9,5.7,100.6,0.354,0.02,0.566,0.521,15.5,30.5,0.265,0.48,16.5,65,0.261
107.7,102.3,5.4,100,0.332,0.023,0.553,0.509,16.5,35.1,0.25,0.471,15.9,67.3,0.253
110.2,105.5,4.7,103.1,0.285,0.012,0.551,0.518,14.7,35.8,0.204,0.493,14.8,66.3,0.187
106.4,102.3,4.1,100,0.329,0.021,0.535,0.491,14.1,31.3,0.243,0.464,14.4,67.2,0.214
105.8,102.4,3.4,99.5,0.302,0.024,0.538,0.495,15.9,32.2,0.229,0.47,14.6,68.5,0.233
109.9,107.6,2.3,102.5,0.307,0.033,0.537,0.49,13,34,0.238,0.487,13.7,68.8,0.256
103.3,102.5,0.8,99.4,0.294,0.033,0.524,0.478,14.7,29.4,0.227,0.468,13.9,69.9,0.228
103,102.3,0.7,103.1,0.326,0.02,0.529,0.487,16.6,33.7,0.237,0.486,18.3,67,0.281
105.1,104.6,0.5,95.1,0.352,0.019,0.529,0.476,14.6,32.2,0.271,0.473,15.6,67.6,0.282
108.8,107.7,1.1,101.4,0.324,0.044,0.541,0.502,14.5,34.8,0.233,0.493,14.1,68.8,0.256
108.8,108.2,0.6,100.5,0.332,0.019,0.547,0.507,14.4,32.5,0.239,0.502,15,65.9,0.223
114.3,113.9,0.4,109.8,0.389,0.019,0.578,0.522,14.1,31.8,0.31,0.528,13.9,64.3,0.213
108.3,108.3,0,97.2,0.302,0.024,0.52,0.479,13.7,37.8,0.22,0.5,14.3,66.1,0.209
105.8,106.6,-0.8,104.3,0.349,0.029,0.534,0.485,16,34.8,0.262,0.512,16.4,66.9,0.224
102.7,104.6,-1.9,98.7,0.304,0.044,0.516,0.472,14.6,30.5,0.225,0.494,15.9,66.3,0.221
106.6,108.6,-2,99,0.378,0.032,0.557,0.505,17.3,33.6,0.29,0.499,13.2,69,0.207
106,108.6,-2.6,99.5,0.302,0.03,0.535,0.495,15.4,33.1,0.223,0.508,15.4,66.9,0.255
104.2,107.2,-3,101.8,0.296,0.018,0.533,0.497,15.5,29.9,0.213,0.504,16.5,66,0.287
105.9,110.4,-4.5,98.5,0.328,0.026,0.519,0.473,13.7,33.9,0.241,0.51,14.5,66.8,0.266
106.2,111.7,-5.5,103.9,0.306,0.013,0.538,0.496,14.5,30.6,0.23,0.513,14.1,65.3,0.244
106.6,113.8,-7.2,101.4,0.33,0.048,0.547,0.507,16.2,33.2,0.238,0.529,13.9,68,0.28
103.3,111.8,-8.5,99.3,0.297,0.019,0.51,0.466,13.7,32,0.222,0.515,14.7,65.9,0.271
107,99.5,7.5,103.4,0.343,0.012,0.562,0.515,17.3,32.3,0.264,0.454,16.3,67.1,0.252
108.7,101.8,6.9,103.6,0.313,0.018,0.546,0.5,15.7,36.3,0.241,0.461,16.6,65.6,0.28
108.4,102.6,5.8,100.8,0.334,0.034,0.553,0.509,16.2,34.7,0.251,0.464,15.1,67,0.24
104.6,99.4,5.2,104.7,0.332,0.022,0.537,0.492,17.1,35.1,0.247,0.471,17.5,68.2,0.244
107.6,103.9,3.7,102.7,0.286,0.013,0.548,0.513,15.8,33.9,0.209,0.468,14.6,64.4,0.208
107.8,105.8,2,100.6,0.371,0.026,0.556,0.504,17.2,36.9,0.288,0.493,15.5,68.4,0.232
108.5,105.7,2.8,102.9,0.367,0.012,0.545,0.492,15.4,37.5,0.282,0.475,14.1,68,0.233
106,104.4,1.6,101,0.329,0.033,0.533,0.487,15,31.6,0.246,0.504,17.2,65.8,0.22
106.4,105,1.4,100.9,0.351,0.023,0.528,0.484,15.1,35.5,0.251,0.492,17,64.5,0.248
106.5,105.7,0.8,103,0.291,0.02,0.534,0.498,15.2,33.9,0.209,0.49,15.8,65.7,0.246
102.7,102.7,0,102.4,0.276,0.032,0.514,0.476,14.4,30.5,0.199,0.472,14.3,67.8,0.212
107,106.7,0.3,100.5,0.303,0.016,0.534,0.489,14.9,33.9,0.233,0.496,14.7,66.6,0.214
104.7,104.7,0,101.3,0.308,0.023,0.54,0.503,15.1,29.2,0.22,0.483,15.6,68.3,0.265
109.4,109.8,-0.4,109.8,0.383,0.018,0.537,0.477,13.4,33.1,0.3,0.509,14.6,65.4,0.232
108.5,109.7,-1.2,101,0.345,0.029,0.537,0.493,15.6,38.8,0.251,0.507,14.4,67.5,0.25
106,107.6,-1.6,100.2,0.308,0.056,0.528,0.486,14.5,33,0.227,0.507,16.2,66.3,0.262
103.2,104.8,-1.6,100.3,0.333,0.016,0.521,0.47,15.7,33.1,0.254,0.468,13.8,66.1,0.232
104.3,107.3,-3,99.4,0.377,0.012,0.537,0.48,16.7,34.1,0.293,0.498,17.3,64.8,0.295
104.3,109.1,-4.8,100.8,0.251,0.033,0.513,0.472,14.2,33.5,0.195,0.507,15.2,66,0.251
101,106.7,-5.7,105.2,0.324,0.019,0.525,0.478,16.6,30.4,0.243,0.506,16.4,69.2,0.281
98.1,104.3,-6.2,101.2,0.334,0.012,0.51,0.464,18,33.4,0.242,0.512,18.6,65.9,0.242
103.4,109.4,-6,97.7,0.305,0.024,0.536,0.491,15.5,28.3,0.234,0.492,13.8,66.8,0.268
102.4,110.8,-8.4,98.6,0.359,0.024,0.519,0.466,15.2,30.7,0.27,0.516,15.1,65,0.245
109.4,101.9,7.5,102.6,0.332,0.057,0.55,0.501,15.4,34.8,0.258,0.475,16.5,67.8,0.234
109.5,103.9,5.6,104.1,0.284,0.014,0.569,0.53,16.5,32.6,0.22,0.475,14,66.9,0.181
105.8,101.2,4.6,101.8,0.298,0.025,0.52,0.474,14.9,36.4,0.229,0.463,15.4,67.9,0.221
105,101,4,103,0.34,0.017,0.544,0.494,17.2,33.5,0.262,0.46,15.5,66.7,0.217
106.8,102.9,3.9,102.4,0.278,0.021,0.532,0.491,15,35.2,0.212,0.467,16.2,63.8,0.229
105.6,102.2,3.4,104.8,0.341,0.039,0.548,0.498,16.4,30.4,0.263,0.483,16.5,66.9,0.213
105.2,102.3,2.9,98.9,0.376,0.011,0.523,0.465,15.4,36.9,0.29,0.461,17.1,65.6,0.291
104,101,3,103.2,0.3,0.015,0.522,0.48,14.5,31,0.223,0.479,17.9,68.1,0.273
106.7,106.4,0.3,105.6,0.274,0.023,0.519,0.476,13.2,33.1,0.212,0.505,16.3,65.9,0.216
108.1,108,0.1,101.2,0.31,0.051,0.533,0.487,15.5,37.6,0.238,0.499,16.1,63.2,0.23
108.6,109,-0.4,109.5,0.327,0.027,0.553,0.502,15.2,31.8,0.262,0.506,14.4,66.8,0.216
105.5,106.2,-0.7,104.4,0.303,0.041,0.523,0.479,14.8,35.4,0.228,0.493,17,62.5,0.23
103.4,104.3,-0.9,98.6,0.293,0.018,0.519,0.477,16.1,35.5,0.218,0.482,15.3,67.9,0.245
106.5,107.5,-1,106.5,0.296,0.025,0.539,0.498,15.7,33.7,0.221,0.498,16.4,64,0.263
101.5,102.5,-1,106.1,0.321,0.04,0.518,0.466,16.6,32.1,0.251,0.472,16.5,66.4,0.263
103.2,105.7,-2.5,102.6,0.263,0.031,0.504,0.463,13.7,33.3,0.199,0.469,12.3,69.5,0.218
104.3,107,-2.7,101.8,0.373,0.04,0.545,0.489,17.2,32.2,0.291,0.5,15.7,68,0.251
105.7,109.8,-4.1,101.4,0.289,0.072,0.522,0.482,14.6,34.2,0.213,0.503,14.2,65.4,0.215
102,106.3,-4.3,100.5,0.262,0.017,0.52,0.484,15.5,31.1,0.193,0.498,15.5,69.8,0.273
103.4,107.6,-4.2,103.9,0.34,0.034,0.517,0.469,15.1,33.6,0.25,0.497,14.4,67.8,0.224
104.2,110.4,-6.2,97.6,0.285,0.027,0.547,0.5,16.7,29.7,0.23,0.5,13.5,67.1,0.237
101.2,108.8,-7.6,107.1,0.283,0.029,0.523,0.483,16.9,32.3,0.209,0.499,15.2,64.7,0.239